postcode,latitude,longitude
200,-35.2777,149.1189
221,-35.3049,149.1412
2540,-35.1627,150.6907
2600,-35.3126,149.1278
2601,-35.2813,149.1293
2602,-35.2446,149.1447
2603,-35.3262,149.1191
2604,-35.3357,149.1492
2605,-35.3327,149.0949
2606,-35.3525,149.1128
2607,-35.3686,149.1156
2608,-35.31,149.1933
2609,-35.3201,149.207
2610,-35.2778,149.0111
2611,-35.3497,149.0493
2612,-35.2891,149.1538
2614,-35.2601,149.0657
2615,-35.1917,149.0453
2616,-35.2167,149.0833
2617,-35.2175,149.077
2618,-35.1685,149.0683
2620,-35.3855,149.1658
2900,-35.4183,149.0666
2901,-35.4333,149.15
2902,-35.3862,149.058
2903,-35.3998,149.0888
2904,-35.405,149.1166
2905,-35.4283,149.088
2906,-35.4593,149.1042
2911,-35.2145,149.1293
2912,-35.1867,149.1362
2913,-35.167,149.0947
2914,-35.1623,149.1386
1001,-33.8678,151.2073
1002,-33.8678,151.2073
1003,-33.8678,151.2073
1004,-33.8678,151.2073
1005,-33.8678,151.2073
1006,-33.8678,151.2073
1007,-33.8678,151.2073
1008,-33.8678,151.2073
1009,-33.8678,151.2073
1010,-33.8678,151.2073
1011,-33.8678,151.2073
1020,-33.8678,151.2073
1021,-33.8678,151.2073
1022,-33.8678,151.2073
1023,-33.8678,151.2073
1025,-33.8678,151.2073
1026,-33.8678,151.2073
1027,-33.8678,151.2073
1028,-33.8678,151.2073
1029,-33.8678,151.2073
1030,-33.8678,151.2073
1031,-33.8678,151.2073
1032,-33.8678,151.2073
1033,-33.8678,151.2073
1034,-33.8678,151.2073
1035,-33.8678,151.2073
1036,-33.8678,151.2073
1037,-33.8678,151.2073
1038,-33.8678,151.2073
1039,-33.8678,151.2073
1040,-33.8678,151.2073
1041,-33.8678,151.2073
1042,-33.8678,151.2073
1043,-33.8678,151.2073
1044,-33.8678,151.2073
1045,-33.8678,151.2073
1046,-33.8678,151.2073
1100,-33.8678,151.2073
1101,-33.8678,151.2073
1105,-33.8678,151.2073
1106,-33.8678,151.2073
1107,-33.8678,151.2073
1108,-33.8678,151.2073
1109,-33.8678,151.2073
1110,-33.8678,151.2073
1112,-33.8678,151.2073
1113,-33.8678,151.2073
1114,-33.8678,151.2073
1115,-33.8678,151.2073
1116,-33.8678,151.2073
1117,-33.8678,151.2073
1118,-33.8678,151.2073
1119,-33.8678,151.2073
1120,-33.8678,151.2073
1121,-33.8678,151.2073
1122,-33.8678,151.2073
1123,-33.8678,151.2073
1124,-33.8678,151.2073
1125,-33.8678,151.2073
1126,-33.8678,151.2073
1127,-33.8678,151.2073
1128,-33.8678,151.2073
1129,-33.8678,151.2073
1130,-33.8678,151.2073
1131,-33.8678,151.2073
1132,-33.8678,151.2073
1133,-33.8678,151.2073
1134,-33.8678,151.2073
1135,-33.8678,151.2073
1136,-33.8678,151.2073
1137,-33.8678,151.2073
1138,-33.8678,151.2073
1139,-33.8678,151.2073
1140,-33.8678,151.2073
1141,-33.8678,151.2073
1142,-33.8678,151.2073
1143,-33.8678,151.2073
1144,-33.8678,151.2073
1145,-33.8678,151.2073
1146,-33.8678,151.2073
1147,-33.8678,151.2073
1148,-33.8678,151.2073
1149,-33.8678,151.2073
1150,-33.8678,151.2073
1151,-33.8678,151.2073
1152,-33.8678,151.2073
1153,-33.8678,151.2073
1154,-33.8678,151.2073
1155,-33.8678,151.2073
1156,-33.8678,151.2073
1157,-33.8678,151.2073
1158,-33.8678,151.2073
1159,-33.8678,151.2073
1160,-33.8678,151.2073
1161,-33.8678,151.2073
1162,-33.8678,151.2073
1163,-33.8678,151.2073
1164,-33.8678,151.2073
1165,-33.8678,151.2073
1166,-33.8678,151.2073
1167,-33.8678,151.2073
1168,-33.8678,151.2073
1169,-33.8678,151.2073
1170,-33.8678,151.2073
1171,-33.8678,151.2073
1172,-33.8678,151.2073
1173,-33.8678,151.2073
1174,-33.8678,151.2073
1175,-33.8678,151.2073
1176,-33.8678,151.2073
1177,-33.8678,151.2073
1178,-33.8678,151.2073
1179,-33.8678,151.2073
1180,-33.8678,151.2073
1181,-33.8678,151.2073
1182,-33.8678,151.2073
1183,-33.8678,151.2073
1184,-33.8678,151.2073
1185,-33.8678,151.2073
1186,-33.8678,151.2073
1187,-33.8678,151.2073
1188,-33.8678,151.2073
1189,-33.8678,151.2073
1190,-33.8678,151.2073
1191,-33.8678,151.2073
1192,-33.8678,151.2073
1193,-33.8678,151.2073
1194,-33.8678,151.2073
1195,-33.8678,151.2073
1196,-33.8678,151.2073
1197,-33.8678,151.2073
1198,-33.8678,151.2073
1199,-33.8678,151.2073
1200,-33.8678,151.2073
1201,-33.8678,151.2073
1202,-33.8678,151.2073
1203,-33.8678,151.2073
1204,-33.8678,151.2073
1205,-33.8678,151.2073
1206,-33.8678,151.2073
1207,-33.8678,151.2073
1208,-33.8787,151.2053
1209,-33.8691,151.2071
1210,-33.8707,151.2068
1211,-33.8707,151.2068
1212,-33.8707,151.2068
1213,-33.8707,151.2068
1214,-33.8707,151.2068
1215,-33.8707,151.2068
1216,-33.8707,151.2068
1217,-33.8707,151.2068
1218,-33.8707,151.2068
1219,-33.8707,151.2068
1220,-33.8707,151.2068
1221,-33.8707,151.2068
1222,-33.8707,151.2068
1223,-33.8707,151.2068
1224,-33.8707,151.2068
1225,-33.8707,151.2068
1226,-33.8707,151.2068
1227,-33.8707,151.2068
1228,-33.8707,151.2068
1229,-33.8707,151.2068
1230,-33.8787,151.2053
1231,-33.8787,151.2053
1232,-33.8787,151.2053
1233,-33.8787,151.2053
1234,-33.8787,151.2053
1235,-33.8787,151.2053
1236,-33.8787,151.2053
1237,-33.8787,151.2053
1238,-33.8787,151.2053
1239,-33.8787,151.2053
1240,-33.8787,151.2053
1291,-33.8678,151.2073
1292,-33.8678,151.2073
1293,-33.8678,151.2073
1294,-33.8678,151.2073
1295,-33.8678,151.2073
1296,-33.8678,151.2073
1297,-33.8678,151.2073
1298,-33.8678,151.2073
1299,-33.8678,151.2073
1300,-33.8794,151.2193
1311,-33.8784,151.2313
1312,-33.8784,151.2313
1313,-33.8784,151.2313
1314,-33.8784,151.2313
1315,-33.8784,151.2313
1316,-33.8784,151.2313
1317,-33.8784,151.2313
1318,-33.8784,151.2313
1319,-33.8784,151.2313
1320,-33.8784,151.2313
1321,-33.8784,151.2313
1322,-33.8784,151.2313
1323,-33.8784,151.2313
1324,-33.8784,151.2313
1325,-33.8784,151.2313
1326,-33.8784,151.2313
1327,-33.8784,151.2313
1328,-33.8784,151.2313
1329,-33.8784,151.2313
1330,-33.8693,151.2248
1331,-33.8693,151.2248
1332,-33.8693,151.2248
1333,-33.8693,151.2248
1334,-33.8693,151.2248
1335,-33.8713,151.222
1340,-33.875,151.2223
1350,-33.8878,151.2368
1355,-33.8928,151.2472
1360,-33.8778,151.2435
1363,-33.9014,151.2138
1391,-33.8784,151.2313
1401,-33.9475,151.1522
1416,-33.9475,151.1522
1419,-33.9475,151.1522
1420,-33.9475,151.1522
1421,-33.9475,151.1522
1422,-33.9475,151.1522
1423,-33.9475,151.1522
1424,-33.9475,151.1522
1425,-33.9475,151.1522
1426,-33.9475,151.1522
1427,-33.9475,151.1522
1428,-33.9475,151.1522
1429,-33.9475,151.1522
1430,-33.8956,151.1924
1435,-33.9022,151.2004
1440,-33.9167,151.2
1445,-33.9167,151.2
1450,-33.8897,151.1764
1455,-33.946,151.1959
1460,-33.926,151.1935
1465,-33.9202,151.2224
1466,-33.925,151.2083
1470,-33.8524,151.1549
1475,-33.9032,151.1518
1480,-33.9393,151.0993
1481,-33.9687,151.1109
1484,-33.9687,151.1109
1485,-33.9833,151.1167
1487,-33.9833,151.1167
1490,-34.0386,151.1001
1493,-33.9799,151.0903
1495,-34.0473,151.1205
1499,-34.031,151.0553
1515,-33.794,151.1649
1560,-33.8094,151.2222
1565,-33.846,151.2119
1570,-33.8167,151.1833
1582,-33.8265,151.2019
1585,-33.8265,151.2019
1590,-33.8234,151.1984
1595,-33.8157,151.1668
1597,-33.8157,151.1668
1602,-33.7554,151.1998
1630,-33.7024,151.0993
1635,-33.7,151.1
1639,-33.7482,151.2232
1640,-33.7482,151.2232
1655,-33.798,151.2883
1658,-33.6776,151.3031
1660,-33.6776,151.3031
1670,-33.8151,151.1288
1671,-33.7968,151.1244
1675,-33.8333,151.1333
1680,-33.8188,151.1062
1685,-33.8054,151.0739
1690,-33.7554,151.1998
1691,-33.7554,151.1998
1692,-33.7554,151.1998
1693,-33.7554,151.1998
1694,-33.7554,151.1998
1695,-33.7554,151.1998
1696,-33.7554,151.1998
1697,-33.7554,151.1998
1698,-33.7554,151.1998
1699,-33.7554,151.1998
1700,-33.8148,151.0547
1701,-33.7613,151.0294
1710,-33.7727,151.0818
1712,-33.7727,151.0818
1715,-33.7378,151.0722
1730,-33.7833,150.9333
1740,-33.7613,151.0294
1741,-33.7613,151.0294
1750,-33.7935,151.0012
1755,-33.7588,150.9929
1765,-33.7333,151.0
1771,-33.7378,151.0722
1781,-33.7613,151.0294
1790,-33.7613,151.0294
1797,-33.7613,151.0294
1800,-33.8883,151.1227
1805,-33.8833,151.1
1811,-33.8334,151.0473
1825,-33.8644,151.0397
1826,-33.8644,151.0397
1830,-33.8333,151.0167
1831,-33.8333,151.0167
1835,-33.85,151.0333
1848,-33.8643,150.9839
1851,-33.8872,151.0086
1860,-33.8667,150.95
1871,-33.9,150.9333
1875,-33.9425,150.9377
1885,-33.9167,151.0333
1888,-33.9167,151.0333
1890,-34.0,150.8667
1891,-33.9393,150.9815
1900,-33.8816,150.9844
1902,-33.8816,150.9844
2000,-33.8678,151.2073
2001,-33.8678,151.2073
2002,-33.8699,151.2025
2004,-33.8699,151.2025
2006,-33.8699,151.2025
2007,-33.8699,151.2025
2008,-33.891,151.1955
2009,-33.8698,151.194
2010,-33.8794,151.2193
2011,-33.875,151.2223
2012,-33.9032,150.9677
2015,-33.8956,151.1924
2016,-33.8928,151.2041
2017,-33.9167,151.2
2018,-33.9167,151.2
2019,-33.946,151.1959
2020,-33.939,151.1862
2021,-33.8842,151.2315
2022,-33.8995,151.2472
2023,-33.879,151.251
2024,-33.902,151.2656
2025,-33.8878,151.2368
2026,-33.8984,151.2706
2027,-33.8706,151.2389
2028,-33.8778,151.2435
2029,-33.8688,151.2706
2030,-33.8555,151.2775
2031,-33.9121,151.2588
2032,-33.924,151.2275
2033,-33.9202,151.2224
2034,-33.9205,151.2552
2035,-33.95,151.2333
2036,-33.9816,151.234
2037,-33.8788,151.1843
2038,-33.8833,151.1667
2039,-33.8614,151.1705
2040,-33.875,151.1653
2041,-33.8548,151.1833
2042,-33.8983,151.1775
2043,-33.9025,151.1858
2044,-33.9167,151.1833
2045,-33.8833,151.2
2046,-33.8589,151.1411
2047,-33.8524,151.1549
2048,-33.8798,151.1623
2049,-33.8946,151.1549
2050,-33.8892,151.1771
2052,-33.8427,151.1936
2055,-33.839,151.2072
2057,-33.8,151.1833
2058,-33.8427,151.1936
2059,-33.839,151.2072
2060,-33.842,151.2046
2061,-33.846,151.2119
2062,-33.8213,151.2161
2063,-33.8094,151.2222
2064,-33.8167,151.1833
2065,-33.8395,151.183
2066,-33.8289,151.1803
2067,-33.794,151.1649
2068,-33.7984,151.2052
2069,-33.7865,151.2092
2070,-33.7666,151.1868
2071,-33.766,151.1621
2072,-33.7553,151.1512
2073,-33.7667,151.1333
2074,-33.7494,151.1126
2075,-33.7038,151.1646
2076,-33.7182,151.1156
2077,-33.7109,151.1033
2079,-33.6833,151.1167
2080,-33.642,151.1287
2081,-33.6208,151.1509
2082,-33.5827,151.1221
2083,-33.5198,151.222
2084,-33.6705,151.196
2085,-33.7173,151.232
2086,-33.7482,151.2232
2087,-33.7745,151.2203
2088,-33.839,151.2396
2089,-33.8424,151.2226
2090,-33.83,151.2267
2091,-33.7787,151.2745
2092,-33.8014,151.2398
2093,-33.8066,151.2624
2094,-33.7957,151.2735
2095,-33.798,151.2883
2096,-33.7689,151.2889
2097,-33.732,151.3012
2099,-33.7416,151.2762
2100,-33.7611,151.2745
2101,-33.7016,151.2797
2102,-33.6886,151.2953
2103,-33.6776,151.3031
2104,-33.6598,151.2988
2105,-33.6451,151.2837
2106,-33.6552,151.3213
2107,-33.6297,151.3168
2108,-33.5961,151.297
2109,-33.7716,151.1138
2110,-33.8343,151.1459
2111,-33.8434,151.1356
2112,-33.8188,151.1062
2113,-33.7912,151.1298
2114,-33.8167,151.0886
2115,-33.8148,151.0547
2116,-33.8145,151.0375
2117,-33.8058,151.0339
2118,-33.7827,151.0489
2119,-33.7495,151.0648
2120,-33.7378,151.0722
2121,-33.7727,151.0818
2122,-33.7778,151.1057
2123,-33.8167,151.0
2124,-33.8167,151.0
2125,-33.7457,151.0476
2126,-33.722,151.0461
2127,-33.8498,151.0683
2128,-33.8334,151.0473
2129,-33.7838,151.0564
2130,-33.8915,151.1382
2131,-33.8883,151.1227
2132,-33.8833,151.1167
2133,-33.8972,151.1032
2134,-33.8833,151.1
2135,-33.881,151.0799
2136,-33.8925,151.0833
2137,-33.8422,151.1072
2138,-33.8481,151.0861
2139,-33.8657,151.1042
2140,-33.8667,151.0833
2141,-33.8742,151.0557
2142,-33.8197,151.0264
2143,-33.8925,151.0207
2144,-33.85,151.0333
2145,-33.8167,150.9667
2146,-33.7898,150.9562
2147,-33.7609,150.9312
2148,-33.8015,150.9136
2150,-33.8197,151.0067
2151,-33.7935,151.0012
2152,-33.7833,150.9833
2153,-33.7764,150.9805
2154,-33.7333,151.0
2155,-33.6821,150.9154
2156,-33.6576,150.9476
2157,-33.6018,151.0089
2158,-33.6771,151.0339
2159,-33.653,151.0471
2160,-33.8333,150.9833
2161,-33.8643,150.9839
2162,-33.879,150.9995
2163,-33.896,150.9756
2164,-33.8667,150.917
2165,-33.8667,150.917
2166,-33.8866,150.948
2167,-33.9667,150.9
2168,-33.9029,150.8671
2170,-33.9522,150.8995
2171,-33.9313,150.8541
2172,-35.0628,149.8635
2173,-33.9833,150.9667
2174,-33.9569,150.8613
2175,-33.8432,150.8489
2176,-33.8618,150.8841
2177,-33.8912,150.8699
2178,-33.8806,150.7876
2179,-33.9274,150.8081
2190,-33.9175,151.0483
2191,-33.9035,151.0847
2192,-33.919,151.0894
2193,-33.9099,151.1287
2194,-33.9125,151.1028
2195,-33.9242,151.0674
2196,-33.9332,151.0732
2197,-33.8986,150.9954
2198,-33.9088,150.9885
2199,-33.9049,151.02
2200,-33.9246,151.0109
2203,-33.9041,151.1394
2204,-33.9112,151.1557
2205,-33.9303,151.1421
2206,-33.95,151.1
2207,-33.95,151.1167
2208,-33.9331,151.1111
2209,-33.948,151.0798
2210,-33.9629,151.0516
2211,-33.9674,151.0399
2212,-33.9671,151.0184
2213,-33.9537,150.9973
2214,-33.9393,150.9815
2216,-33.95,151.1333
2217,-33.9736,151.1373
2218,-33.9726,151.1144
2219,-33.995,151.1455
2220,-33.9799,151.0903
2221,-33.9915,151.1088
2222,-33.9667,151.0833
2223,-33.9667,151.0833
2224,-34.0026,151.0959
2225,-34.0041,151.0759
2226,-34.0164,151.0607
2227,-34.0521,151.088
2228,-34.0386,151.1001
2229,-34.0194,151.1183
2230,-34.0328,151.1762
2231,-34.0109,151.2051
2232,-34.106,151.0832
2233,-34.1357,150.9923
2234,-34.06,150.9807
2250,-33.4039,151.3625
2251,-33.4553,151.4109
2252,-33.344,151.382
2256,-33.4924,151.301
2257,-33.5239,151.3682
2258,-33.3333,151.3667
2259,-33.2192,151.4569
2260,-33.4482,151.4467
2261,-33.3541,151.5002
2262,-33.2069,151.5436
2263,-33.2267,151.5028
2264,-33.0946,151.5471
2265,-33.0762,151.4541
2267,-33.0718,151.5984
2278,-32.9333,151.5833
2280,-33.0048,151.6482
2281,-33.0717,151.6553
2282,-32.9725,151.6527
2283,-33.0533,151.5787
2284,-32.9667,151.6
2285,-32.9511,151.6446
2286,-32.9,151.5833
2287,-32.8937,151.6901
2289,-32.9533,151.7123
2290,-32.95,151.6667
2291,-32.9382,151.7591
2292,-32.9119,151.7368
2293,-32.9112,151.7554
2294,-32.915,151.7644
2295,-32.8643,151.8131
2296,-32.9139,151.7474
2297,-32.9073,151.7509
2298,-32.9067,151.7265
2299,-32.9167,151.7
2300,-32.9271,151.7765
2302,-32.9245,151.7571
2303,-32.9279,151.7465
2304,-32.8843,151.771
2305,-32.95,151.6833
2306,-32.9928,151.6817
2307,-32.8788,151.691
2308,-32.892,151.7053
2309,-33.5386,151.2415
2310,-32.5879,151.8955
2311,-32.4138,151.5565
2312,-32.1577,152.3748
2314,-32.5879,151.8955
2315,-32.7497,152.171
2316,-32.7488,152.067
2317,-32.7105,152.0698
2318,-32.7415,151.8676
2319,-32.7393,152.0172
2320,-32.7331,151.5279
2321,-32.6564,151.6369
2322,-32.8293,151.6844
2323,-32.75,151.5833
2324,-32.6167,151.9167
2325,-32.9061,151.2849
2326,-32.8276,151.4082
2327,-32.8247,151.4936
2328,-32.3879,150.6893
2329,-32.0,149.9833
2330,-32.45,151.0667
2331,-32.6895,151.1897
2333,-32.5,150.4667
2334,-32.6778,151.3892
2335,-33.0131,151.1701
2336,-32.1167,151.0833
2337,-31.9985,151.3179
2338,-31.7833,151.0833
2339,-31.7152,150.6512
2340,-31.1833,151.0
2341,-31.3491,150.6487
2342,-31.1667,150.5833
2343,-31.5553,150.3414
2344,-31.2141,150.8219
2345,-30.8951,150.7835
2346,-30.7,150.5
2347,-30.2297,150.5773
2348,-31.191,150.7174
2350,-30.5712,151.9045
2351,-30.85,151.0635
2352,-31.0388,151.1553
2353,-31.0177,151.0706
2354,-30.9652,151.3512
2355,-30.7384,151.0513
2356,-30.6101,148.9675
2357,-31.2773,149.279
2358,-30.6941,151.5834
2359,-30.2667,151.0167
2360,-29.6833,151.1667
2361,-29.3219,151.0931
2365,-30.1333,151.8667
2369,-29.9559,151.2125
2370,-29.5724,151.8663
2371,-29.3,151.3667
2372,-29.1167,151.6667
2379,-31.1,149.9
2380,-31.0,150.1333
2381,-31.1167,150.2675
2382,-30.7365,150.0637
2386,-30.1167,148.9667
2387,-29.8169,148.909
2388,-30.1831,149.2951
2390,-30.4977,149.7394
2395,-31.5928,149.481
2396,-30.9329,149.0119
2397,-29.8152,149.5679
2398,-29.7333,149.8
2399,-29.5435,150.2033
2400,-29.4657,150.0146
2401,-29.5833,150.3331
2402,-29.2571,150.7473
2403,-29.654,150.83
2404,-29.8693,150.572
2405,-28.7233,149.5794
2406,-29.0185,149.2548
2408,-28.9348,150.3896
2409,-28.6048,150.3593
2410,-28.9043,150.7769
2411,-29.1331,150.3014
2415,-32.2915,151.8602
2420,-32.3474,151.7612
2421,-32.6061,151.6159
2422,-31.9223,151.5346
2423,-32.3,152.1667
2424,-31.8414,152.112
2425,-32.5368,151.9418
2426,-31.8127,152.589
2427,-31.8723,152.6917
2428,-32.3157,152.4818
2429,-31.7167,152.2833
2430,-31.9428,152.4673
2431,-30.8855,153.0413
2439,-31.6466,152.6875
2440,-30.8855,153.0413
2441,-30.8463,152.9006
2442,-31.1374,152.7419
2443,-32.057,152.5357
2444,-31.7083,152.6444
2445,-31.5906,152.8391
2446,-31.4579,152.7262
2447,-30.7172,152.9694
2448,-30.6124,153.0001
2449,-30.6888,152.7396
2450,-30.2833,153.0
2452,-30.3646,153.1014
2453,-30.282,152.61
2454,-30.4649,153.0432
2455,-30.497,153.0142
2456,-30.0804,153.1959
2460,-28.4277,153.378
2462,-29.8616,153.2677
2463,-29.4581,153.1975
2464,-29.4042,153.3322
2465,-29.4258,153.2418
2466,-29.4067,153.3524
2469,-29.0454,152.8384
2470,-29.0333,153.0667
2471,-28.9494,153.2418
2472,-29.0167,153.4
2473,-29.1178,153.4307
2474,-28.6013,153.0974
2475,-28.545,152.483
2476,-28.4799,152.3275
2477,-28.872,153.4425
2478,-28.9163,153.5135
2479,-28.6867,153.5239
2480,-28.9333,153.3167
2481,-28.6309,153.5669
2482,-28.5657,153.4396
2483,-28.4177,153.5198
2484,-28.3833,153.3333
2485,-28.1874,153.5228
2486,-28.1909,153.4504
2487,-28.3167,153.5333
2488,-28.3294,153.5686
2489,-28.3885,153.5656
2490,-28.2621,153.4718
2500,-34.424,150.8934
2502,-34.5036,150.8795
2505,-34.4944,150.89
2506,-34.4833,150.85
2508,-34.2005,150.9802
2515,-34.291,150.9447
2516,-34.3383,150.9135
2517,-34.3493,150.9144
2518,-34.3667,150.9167
2519,-34.3951,150.8805
2520,-34.424,150.8934
2521,-34.5262,150.8534
2522,-34.5262,150.8534
2525,-34.4356,150.8583
2526,-34.4404,150.8375
2527,-34.5833,150.75
2528,-34.5519,150.8583
2529,-34.5887,150.8725
2530,-34.6707,150.2137
2533,-34.6701,150.8231
2534,-34.7667,150.75
2535,-34.8528,150.7262
2536,-35.6513,150.2952
2537,-35.9552,150.1575
2538,-35.4918,150.1905
2539,-35.2167,150.45
2541,-34.8545,150.6167
2545,-36.199,149.7088
2546,-36.3684,150.0718
2548,-36.8763,149.9199
2549,-37.0152,149.8346
2550,-36.714,149.7654
2551,-37.0833,149.9167
2555,-33.8907,150.7427
2556,-33.9333,150.7333
2557,-33.9748,150.7634
2558,-34.0298,150.8096
2559,-34.0465,150.8111
2560,-34.05,150.8333
2563,-34.1044,150.7507
2564,-34.0167,150.9
2565,-34.0,150.8667
2566,-34.0532,150.844
2567,-34.0474,150.7534
2568,-34.1268,150.7387
2569,-34.185,150.7145
2570,-33.7907,150.6693
2571,-34.3149,150.5165
2572,-34.2046,150.5677
2573,-34.2225,150.5947
2574,-34.2558,150.634
2575,-34.3688,150.5385
2576,-34.5255,150.4874
2577,-35.764,148.1853
2578,-34.6566,150.2962
2579,-34.6487,150.2702
2580,-34.7,149.8833
2581,-34.718,149.1932
2582,-33.1252,149.1276
2583,-34.3333,149.3667
2584,-34.6717,148.6348
2585,-34.6,148.55
2586,-34.4366,148.7163
2587,-34.4167,148.25
2588,-34.5333,148.15
2590,-34.761,147.8554
2594,-34.2916,148.2481
2619,-35.3844,149.2025
2621,-35.2538,149.4401
2622,-35.5167,149.7
2623,-35.5911,149.4452
2624,-36.6077,148.3881
2625,-36.5052,148.3076
2626,-35.95,149.15
2627,-36.2644,148.4818
2628,-36.5333,148.7333
2629,-35.8167,148.5667
2630,-36.1667,148.8667
2631,-36.6667,149.2833
2632,-36.8333,149.3667
2633,-36.9802,148.9291
2640,-35.9318,147.5012
2641,-36.0398,146.9396
2642,-35.8945,147.3359
2643,-35.982,146.6325
2644,-35.5818,147.5346
2645,-35.3293,146.2666
2646,-35.6436,146.302
2647,-35.9854,146.0053
2648,-33.4923,142.2143
2649,-35.6167,148.0833
2650,-35.1452,147.3516
2651,-35.1481,147.4671
2652,-35.1066,146.6085
2653,-35.5594,149.2235
2655,-35.268,147.1142
2656,-35.3545,146.7228
2658,-35.4622,146.7978
2659,-35.7568,146.9108
2660,-35.65,147.1
2661,-35.1569,147.2844
2663,-34.9061,147.672
2665,-34.3167,147.1
2666,-34.3167,147.8
2668,-34.1449,147.3873
2669,-33.8318,146.2512
2671,-33.9237,147.2047
2672,-33.2987,146.3739
2675,-33.4877,145.5403
2678,-33.5843,146.6698
2680,-34.2553,146.0985
2681,-34.2501,146.199
2700,-34.9214,146.6613
2701,-34.5985,147.1512
2702,-34.7932,147.0391
2703,-34.5985,146.4095
2705,-34.563,146.4833
2706,-34.5694,145.9987
2707,-34.8039,145.8804
2708,-34.6742,146.3985
2710,-35.4152,144.8846
2711,-34.1936,144.1024
2712,-35.6588,145.8114
2713,-35.649,145.577
2714,-35.6818,145.2512
2715,-33.8665,143.738
2716,-32.136,146.3019
2717,-34.0947,142.0397
2720,-35.2628,148.2449
2721,-34.0124,147.7876
2722,-35.0652,148.108
2725,-34.4989,147.882
2726,-34.8333,148.3333
2727,-34.9285,148.1651
2729,-35.2452,147.9929
2730,-32.9176,149.5836
2731,-35.7869,144.5977
2732,-35.393,144.3159
2733,-35.1588,146.0447
2734,-35.1652,143.6846
2735,-35.1286,143.4404
2736,-34.959,143.3395
2737,-34.5744,142.7448
2738,-34.2366,142.5301
2739,-35.1588,146.0447
2745,-33.838,150.6496
2747,-33.7759,150.7519
2748,-33.7823,150.7109
2749,-33.6898,150.6789
2750,-33.75,150.7
2751,-33.75,150.7
2752,-33.8919,150.6046
2753,-33.6466,150.7352
2754,-33.5324,150.7056
2755,-33.5971,150.7584
2756,-33.6398,150.8025
2757,-33.5533,150.6947
2758,-33.4733,150.7981
2759,-33.7973,150.7847
2760,-33.7828,150.7968
2761,-33.7518,150.8369
2762,-33.7167,150.8667
2763,-33.7333,150.8833
2765,-33.6441,150.8684
2766,-33.8063,150.8612
2767,-33.7615,150.8737
2768,-33.7244,150.9182
2769,-33.7061,150.9088
2770,-33.7372,150.8004
2773,-33.7742,150.6357
2774,-33.7307,150.6353
2775,-33.3833,150.9833
2776,-33.7,150.5333
2777,-33.6657,150.6426
2778,-33.7167,150.5
2779,-33.7245,150.4584
2780,-33.7198,150.3074
2782,-33.7103,150.3753
2783,-33.7206,150.4297
2784,-33.7292,150.4177
2785,-33.6835,150.2679
2786,-33.4849,150.4612
2787,-33.6799,149.9642
2790,-31.8595,149.8401
2791,-33.6,149.1333
2792,-33.65,149.0833
2793,-33.9024,148.856
2794,-33.8834,148.6441
2795,-33.5142,149.7982
2797,-33.7167,149.0333
2798,-33.4645,149.079
2799,-33.7118,149.2182
2800,-33.346,149.1621
2803,-34.1167,148.4833
2804,-33.5333,148.55
2805,-33.6241,148.409
2806,-33.4273,148.3714
2807,-34.0378,148.5561
2808,-33.968,148.9482
2809,-34.0,148.4
2810,-33.8576,147.9607
2818,-32.4318,148.7429
2820,-34.4916,150.2823
2821,-32.2312,148.2405
2823,-32.0315,147.9834
2824,-31.6887,147.8413
2825,-31.5609,147.1882
2826,-31.8478,147.7215
2827,-31.5602,148.8023
2828,-31.446,148.4748
2829,-30.7557,148.5391
2830,-32.1582,148.6012
2831,-32.3328,148.7593
2832,-30.3726,148.4874
2833,-29.5438,148.5759
2834,-29.1102,147.9097
2835,-31.4987,145.8418
2836,-30.8521,143.0886
2838,-29.1131,147.4525
2839,-29.998,146.8033
2840,-29.3223,145.8471
2842,-31.8226,149.1164
2843,-31.8279,149.7156
2844,-32.0,149.55
2845,-33.411,150.0646
2846,-33.1167,150.2833
2847,-33.4436,149.9763
2848,-32.8833,149.9667
2849,-32.4119,150.1201
2850,-35.7848,150.1417
2852,-32.3,149.5333
2864,-33.3688,148.5511
2865,-33.0818,148.6512
2866,-33.1833,148.9333
2867,-32.8667,148.5
2868,-32.7,148.5667
2869,-32.7866,148.2298
2870,-33.0,148.1333
2871,-33.35,147.7
2873,-32.35,147.5
2874,-32.6311,147.5661
2875,-32.7833,147.85
2876,-33.1167,147.8167
2877,-32.519,146.7503
2878,-32.9004,144.3015
2879,-32.3929,142.4182
2880,-31.9652,141.4512
2890,-32.309,148.084
2891,-32.5166,148.6724
2898,-31.5526,159.0768
2899,-32.309,148.084
3500,-34.1979,142.1515
3644,-35.906,145.6958
3691,-36.2843,147.0692
3707,-36.4104,147.9589
4377,-28.55,152.0
4380,-28.9833,151.5167
4383,-28.9307,151.9382
4385,-28.85,151.0333
800,-12.4611,130.8418
801,-12.4611,130.8418
803,-12.4348,130.7443
804,-12.4305,130.8414
810,-12.374,130.8822
811,-12.374,130.8822
812,-12.3792,130.8784
813,-12.3792,130.8784
814,-12.383,130.8517
815,-12.3792,130.8784
820,-12.4292,130.8859
821,-12.4292,130.8859
822,-13.7794,136.2019
828,-12.4351,130.9261
829,-12.4576,130.9598
830,-12.486,130.9754
831,-12.486,130.9833
832,-12.4876,131.0117
834,-12.519,131.0284
835,-12.5231,131.0415
836,-12.5253,131.0957
837,-12.8937,131.1132
838,-12.6968,131.01
839,-12.5231,131.0415
840,-12.7176,130.3513
841,-12.8193,130.9697
845,-13.0505,131.0307
846,-13.2379,131.1056
847,-13.8208,131.8329
850,-14.4555,132.1748
851,-14.4652,132.2635
852,-16.4526,130.8419
853,-14.5312,132.3793
854,-14.8923,133.1577
860,-19.6548,134.1871
861,-23.7,133.8833
862,-19.4362,133.8208
870,-23.6975,133.8836
871,-23.7,133.8833
872,-21.657,135.2259
873,-23.5298,133.5021
880,-12.1816,136.7784
881,-12.1816,136.7784
885,-13.8541,136.4213
886,-12.6705,132.836
906,-12.4292,130.8859
907,-12.4292,130.8859
909,-12.3731,130.8681
4825,-20.1386,145.8436
4000,-27.4679,153.0281
4001,-27.4679,153.0281
4002,-27.454,153.0426
4003,-27.454,153.0426
4004,-27.4614,153.0231
4005,-27.4667,153.05
4006,-27.4436,153.0443
4007,-27.439,153.0629
4008,-27.428,153.1167
4009,-27.4306,153.0906
4010,-27.4301,153.0379
4011,-27.4189,153.0582
4012,-27.4025,153.0617
4013,-27.4,153.0667
4014,-27.3462,153.1037
4017,-27.2958,153.0572
4018,-27.3426,153.0444
4019,-27.2561,153.1043
4020,-27.2073,153.1013
4021,-27.2259,153.0835
4022,-27.2143,153.0468
4025,-27.1794,153.3743
4029,-27.1962,153.2931
4030,-27.4224,153.042
4031,-27.4029,153.0297
4032,-27.3838,153.0159
4034,-27.3475,153.0231
4035,-27.35,152.9833
4036,-27.3211,153.0086
4037,-27.3392,152.9599
4051,-27.4283,152.9747
4053,-27.3891,152.9713
4054,-27.3981,152.958
4055,-27.4008,152.9348
4059,-27.4525,153.0021
4060,-27.4455,152.992
4061,-27.4419,152.9386
4064,-27.4704,153.0031
4065,-27.461,152.9792
4066,-27.4833,152.9833
4067,-27.4982,153.0004
4068,-27.5133,152.9752
4069,-27.4667,152.8667
4070,-27.5378,152.8619
4072,-27.4978,153.0135
4073,-27.5507,152.959
4074,-27.5655,152.9334
4075,-27.5247,152.9807
4076,-27.5667,152.9667
4077,-27.6,152.9819
4078,-27.6153,152.9439
4101,-27.4803,153.0205
4102,-27.4886,153.0365
4103,-27.5094,153.0286
4104,-27.5157,153.0164
4105,-27.5333,153.0167
4106,-27.547,153.0022
4107,-27.5514,153.0325
4108,-27.5202,153.0278
4109,-27.5649,153.0665
4110,-27.5972,153.0074
4111,-27.5589,153.0623
4112,-27.6068,153.0937
4113,-27.5833,153.1
4114,-27.6463,153.1111
4115,-27.6128,153.0324
4116,-27.6221,153.0661
4117,-27.6585,153.0789
4118,-27.6633,153.0038
4119,-27.6089,153.1113
4120,-27.5082,153.0495
4121,-27.5262,153.0605
4122,-27.5613,153.0845
4123,-27.5667,153.1333
4124,-27.7936,152.8844
4125,-27.7271,153.0332
4127,-27.6118,153.129
4128,-27.6498,153.1775
4129,-27.7,153.2
4130,-27.6667,153.2167
4131,-27.6667,153.1333
4132,-27.6734,153.0973
4133,-27.6906,153.1332
4151,-27.4932,153.0583
4152,-27.5058,153.1024
4153,-27.5,153.1167
4154,-27.4881,153.1793
4155,-27.514,153.1491
4156,-27.5435,153.1206
4157,-27.5844,153.2004
4158,-27.4878,153.1982
4159,-27.4833,153.2167
4160,-27.4833,153.25
4161,-27.5322,153.2289
4163,-27.5268,153.2652
4164,-27.5575,153.2648
4165,-27.6333,153.2333
4169,-27.481,153.044
4170,-27.4792,153.0625
4171,-27.4595,153.0638
4172,-27.4629,153.0981
4173,-27.4736,153.127
4174,-27.4478,153.1317
4178,-27.4191,153.1677
4179,-27.4692,153.1858
4183,-27.4332,153.4627
4184,-27.651,153.363
4205,-27.6833,153.1667
4207,-27.8618,153.1999
4208,-27.7965,153.2567
4209,-27.845,153.2631
4210,-27.8755,153.2287
4211,-28.1214,153.192
4212,-27.9183,153.3327
4213,-28.05,153.35
4214,-27.9741,153.3607
4215,-27.9672,153.398
4216,-27.8329,153.4207
4217,-27.9788,153.4266
4218,-28.0278,153.4334
4219,-28.1167,153.4333
4220,-28.0717,153.4416
4221,-28.1358,153.4493
4222,-28.1235,153.4442
4223,-28.1407,153.45
4224,-28.15,153.5
4225,-28.1694,153.5347
4226,-28.0707,153.3933
4227,-28.1124,153.3964
4228,-28.15,153.4333
4229,-28.0779,153.4123
4230,-28.0757,153.3842
4270,-27.8833,153.1333
4271,-27.9193,153.1994
4272,-27.9695,153.1994
4275,-27.9973,153.1642
4280,-27.8312,153.0274
4285,-27.8916,152.9977
4287,-28.2108,152.8641
4300,-27.6113,152.9132
4301,-27.6461,152.8596
4303,-27.6,152.8333
4304,-27.6039,152.7948
4305,-27.8365,152.726
4306,-27.3362,152.7616
4307,-27.7667,152.65
4309,-28.0167,152.5667
4310,-28.0707,152.5944
4311,-27.4655,152.5762
4312,-27.1214,152.5497
4313,-27.0833,152.4833
4340,-27.6335,152.5895
4341,-27.4833,152.4333
4342,-27.5333,152.4
4343,-27.4869,152.3892
4344,-27.5507,152.959
4345,-27.5546,152.337
4346,-27.5661,152.597
4347,-27.5934,152.2167
4350,-27.6081,151.7545
4352,-27.6692,151.7663
4353,-27.2167,151.8833
4354,-27.2167,151.85
4355,-27.6235,152.5355
4356,-27.5833,151.5667
4357,-27.9222,151.1706
4358,-27.7145,151.8603
4359,-27.8333,152.1
4360,-27.8616,151.9011
4361,-27.8701,152.0458
4362,-28.05,152.05
4363,-27.6833,151.7167
4364,-27.7607,151.4456
4365,-28.011,151.5821
4370,-28.2562,152.0454
4371,-28.2241,152.2467
4372,-28.2927,152.2472
4373,-28.2833,152.4167
4374,-28.4871,151.9674
4375,-28.5333,151.9167
4376,-28.5506,151.9486
4378,-28.6193,151.9601
4381,-28.774,151.8637
4382,-28.829,151.8552
4384,-28.721,151.1824
4387,-28.5,150.9333
4388,-28.5725,150.7513
4390,-28.4958,150.1831
4400,-27.4756,151.8141
4401,-27.35,151.7167
4402,-26.9333,151.95
4403,-27.2835,151.6046
4404,-27.3959,151.4118
4405,-27.2552,151.011
4406,-27.0627,151.4362
4407,-13.1617,143.0534
4408,-26.9354,151.451
4410,-26.7841,151.1124
4411,-26.9323,150.9229
4412,-26.8452,150.7916
4413,-26.7809,150.6226
4415,-26.5727,150.1489
4416,-26.9843,150.0054
4417,-26.631,150.4009
4418,-26.2593,150.0493
4419,-14.9895,142.77
4420,-27.9333,151.9833
4421,-27.2761,150.4568
4422,-27.8833,149.5667
4423,-27.254,149.681
4424,-26.6431,149.9762
4425,-26.6452,149.7612
4426,-26.6452,149.626
4427,-26.6115,149.3821
4428,-26.6506,149.2272
4454,-25.5572,148.1783
4455,-26.276,148.5434
4461,-26.5896,148.3919
4462,-26.55,148.1833
4465,-26.4924,147.9038
4467,-26.4491,147.5418
4468,-26.4167,147.1167
4470,-26.2694,145.9547
4471,-27.3726,145.9577
4472,-24.4233,145.463
4474,-25.9073,144.6008
4475,-26.6333,145.0167
4477,-25.7962,146.5845
4478,-24.8819,146.2575
4479,-26.6426,145.4644
4480,-26.6135,144.2695
4481,-25.4211,141.8981
4482,-25.592,140.1157
4486,-28.9733,147.7948
4487,-27.9476,148.6099
4488,-28.2776,147.4572
4489,-27.2478,145.9805
4490,-28.0677,145.6844
4491,-28.1599,145.0471
4492,-28.375,148.7972
4493,-28.9963,144.407
4494,-28.4294,149.6555
4496,-28.4858,149.4681
4497,-28.6379,148.8683
4498,-28.332,149.5801
4500,-27.3211,152.9839
4501,-27.2833,152.9833
4502,-27.2667,152.9833
4503,-27.2673,153.0105
4504,-27.2034,152.9592
4505,-27.1575,152.9576
4506,-27.1491,152.873
4507,-27.0837,153.1594
4508,-27.1935,153.0263
4509,-27.2243,153.0208
4510,-27.0846,152.9511
4511,-27.0861,153.0986
4512,-27.0391,152.8654
4514,-26.9833,152.8
4515,-27.0321,152.5404
4516,-27.0167,152.95
4517,-26.957,152.9554
4518,-26.8976,152.9532
4519,-26.8588,152.9614
4520,-27.3,152.85
4521,-27.0767,152.805
4550,-26.8067,152.961
4551,-26.8017,153.1426
4552,-26.8224,152.7666
4553,-26.7667,153.0167
4554,-26.731,152.9977
4555,-26.7007,152.9935
4556,-26.6916,153.025
4557,-26.7028,153.1013
4558,-26.6589,153.0778
4559,-26.6605,152.9695
4560,-26.5955,152.9789
4561,-26.5616,152.9559
4562,-26.5085,152.8212
4563,-26.4525,152.772
4564,-26.6181,153.0778
4565,-26.3439,152.9668
4566,-26.4,153.0667
4567,-26.4299,153.0979
4568,-26.3333,152.85
4569,-26.3369,152.8225
4570,-26.4368,152.7333
4571,-26.2709,152.8773
4572,-26.672,153.1079
4573,-26.5658,153.0914
4574,-26.5966,152.7281
4575,-26.7384,153.1305
4580,-25.9133,153.0058
4581,-24.9673,153.3144
4600,-26.0833,152.3333
4601,-26.0802,152.0546
4605,-26.2,152.0333
4606,-26.3177,151.8724
4608,-26.3667,151.8167
4610,-26.6833,151.75
4611,-26.1833,151.7667
4612,-26.1833,151.7333
4613,-26.1139,151.6294
4614,-26.8417,151.9814
4615,-26.8333,151.7
4620,-25.6095,152.322
4621,-25.5783,152.1251
4625,-25.5457,151.7187
4626,-25.5766,151.2001
4627,-25.3717,151.1215
4630,-25.0667,151.2333
4650,-25.5407,152.7049
4655,-25.4155,152.9131
4659,-25.3432,152.5402
4660,-25.1083,152.5625
4662,-25.3453,152.5938
4670,-25.177,152.2643
4671,-25.1792,151.6471
4673,-24.7217,152.114
4674,-24.6171,151.8441
4676,-24.6263,151.5919
4677,-24.3321,151.5629
4678,-24.0633,151.3874
4680,-23.8974,151.2713
4694,-23.8,151.1
4695,-23.9,150.9
4697,-23.7167,150.8167
4699,-23.5831,150.8608
4700,-23.4053,150.4654
4701,-23.4,150.5833
4702,-24.4645,148.6226
4703,-22.8476,150.6502
4704,-23.1333,150.3667
4705,-22.9527,148.9351
4706,-22.6167,149.65
4707,-22.3456,149.5353
4709,-23.0383,148.3446
4710,-23.2568,150.8268
4711,-23.2569,150.4849
4712,-23.7158,149.6701
4713,-24.1306,149.4566
4714,-23.6989,150.3337
4715,-24.3959,150.515
4716,-24.4863,150.5736
4717,-23.5835,148.8791
4718,-24.4746,149.4083
4719,-24.946,150.0742
4720,-23.523,148.1578
4721,-22.1309,148.1868
4722,-24.1148,148.0885
4723,-23.0859,148.0221
4724,-23.6492,146.6398
4725,-23.2086,147.5842
4726,-23.2086,147.5842
4727,-23.5,144.5
4728,-23.6,146.1333
4730,-22.6785,143.5619
4731,-24.2597,144.4393
4732,-22.6,144.55
4733,-21.7167,143.3667
4735,-22.3514,141.5517
4736,-24.8331,143.0616
4737,-21.5833,149.0333
4738,-21.7,149.35
4739,-21.9167,149.4167
4740,-21.0833,149.0167
4741,-21.0333,148.9
4742,-21.746,148.4967
4743,-21.3544,148.1149
4744,-22.0016,148.0466
4745,-22.5882,148.3492
4746,-22.8123,148.6993
4750,-21.0349,149.1573
4751,-21.2174,149.0122
4753,-21.1167,148.9167
4754,-21.1167,148.8167
4756,-21.15,148.5333
4757,-21.203,148.5171
4798,-20.8667,148.7333
4799,-20.7167,148.6
4800,-20.3927,148.7007
4801,-20.0511,148.8849
4802,-20.2768,148.6976
4803,-20.346,148.9519
4804,-21.3833,147.3333
4805,-19.8833,147.6833
4806,-19.65,147.4
4807,-19.6167,147.4667
4808,-19.5539,147.353
4809,-19.4667,147.05
4810,-19.201,146.7734
4811,-19.3173,146.8249
4812,-19.2817,146.788
4813,-19.3366,146.7836
4814,-19.2566,146.7658
4815,-19.3297,146.7166
4816,-19.3833,146.9167
4817,-19.3032,146.7253
4818,-19.2751,146.5469
4819,-19.1409,146.8244
4820,-20.1167,146.4333
4821,-21.75,144.2333
4822,-19.8,143.2833
4823,-20.6558,141.7413
4824,-21.2833,140.5
4828,-19.9215,138.1201
4829,-22.9114,139.9093
4830,-18.1224,146.0477
4849,-18.2669,146.028
4850,-18.6455,146.1625
4852,-17.941,146.0235
4854,-17.921,145.9401
4855,-17.8075,146.0072
4856,-17.7446,146.0171
4857,-17.7435,146.0097
4858,-17.5607,146.0337
4859,-17.5983,145.9944
4860,-17.5563,145.9143
4861,-17.45,145.8833
4865,-17.0996,145.7804
4868,-16.9623,145.7258
4869,-17.0083,145.7221
4870,-16.923,145.7663
4871,-13.9456,143.199
4872,-17.2144,145.544
4873,-16.2254,145.4286
4874,-12.6401,141.8636
4875,-16.913,145.4479
4876,-16.913,145.4479
4877,-16.5976,145.515
4878,-16.8585,145.7447
4879,-16.7822,145.6845
4880,-17.0667,145.3833
4881,-16.8908,145.6257
4882,-17.2333,145.4833
4883,-17.3435,145.496
4884,-17.2998,145.6284
4885,-17.3167,145.6167
4886,-17.4991,145.5987
4887,-17.4167,145.4
4888,-17.5667,145.4667
4890,-17.6718,141.0772
4891,-17.4869,140.8426
4892,-13.4384,142.9403
4895,-15.9522,145.3473
9000,-27.4679,153.0281
9001,-27.4679,153.0281
9002,-27.4679,153.0281
9005,-27.4679,153.0281
9007,-27.4679,153.0281
9008,-27.4679,153.0281
9009,-27.4679,153.0281
9010,-27.4679,153.0281
9013,-27.4679,153.0281
9015,-27.4679,153.0281
9016,-27.4679,153.0281
9017,-27.4679,153.0281
9018,-27.4679,153.0281
9019,-27.4679,153.0281
9020,-27.4679,153.0281
9021,-27.4679,153.0281
9022,-27.4679,153.0281
9023,-27.4679,153.0281
9464,-33.8816,150.9844
9726,-33.8816,150.9844
9943,-21.1534,149.1655
9944,-20.2768,148.6976
5000,-34.9287,138.5986
5001,-34.9287,138.5986
5005,-34.9006,138.5702
5006,-34.9073,138.5914
5007,-34.9,138.5333
5008,-34.8756,138.5773
5009,-34.8791,138.5529
5010,-34.8626,138.5724
5011,-34.887,138.5465
5012,-34.8679,138.548
5013,-34.8391,138.5496
5014,-34.8667,138.5167
5015,-34.85,138.4667
5016,-34.8336,138.491
5017,-34.798,138.498
5018,-34.7766,138.4874
5019,-34.8393,138.4823
5020,-34.8601,138.4897
5021,-34.873,138.4946
5022,-34.9259,138.4955
5023,-34.9,138.5167
5024,-34.946,138.5093
5025,-34.9103,138.5432
5031,-34.9441,138.5648
5032,-34.9259,138.528
5033,-34.9476,138.5596
5034,-34.95,138.5833
5035,-34.9603,138.5767
5037,-34.9514,138.567
5038,-34.9686,138.5396
5039,-34.9833,138.5754
5040,-34.9733,138.5383
5041,-34.972,138.5867
5042,-35.0042,138.5798
5043,-34.9871,138.544
5044,-34.9971,138.5215
5045,-34.9833,138.5167
5046,-35.0141,138.5384
5047,-35.0326,138.5458
5048,-35.0277,138.528
5049,-35.0298,138.5313
5050,-35.0211,138.5957
5051,-35.0214,138.6143
5052,-34.9977,138.6208
5061,-34.9592,138.6125
5062,-34.9671,138.6077
5063,-34.9451,138.613
5064,-34.9629,138.6566
5065,-34.9473,138.6529
5066,-34.9342,138.6767
5067,-34.9177,138.6452
5068,-34.9258,138.6615
5069,-34.9123,138.6292
5070,-34.8972,138.6406
5071,-34.9216,138.6201
5072,-34.9091,138.675
5073,-34.9055,138.6621
5074,-34.8821,138.6825
5075,-34.8736,138.669
5076,-34.8702,138.6999
5081,-34.9005,138.6126
5082,-34.8968,138.5914
5083,-34.8759,138.615
5084,-34.8595,138.59
5085,-34.8578,138.6291
5086,-34.8528,138.6433
5087,-34.8654,138.647
5088,-34.8516,138.6723
5089,-34.8529,138.6975
5090,-34.8333,138.7
5091,-34.8216,138.7353
5092,-34.8333,138.6833
5093,-34.8399,138.6607
5094,-34.8415,138.5956
5095,-34.8247,138.6264
5096,-34.8047,138.6428
5097,-34.8116,138.7069
5098,-34.8333,138.6333
5106,-34.789,138.6374
5107,-34.7825,138.6108
5108,-34.7667,138.6333
5109,-34.7874,138.6417
5110,-34.7216,138.6015
5111,-34.7462,138.6375
5112,-34.7486,138.6682
5113,-34.6998,138.6913
5114,-34.7,138.7667
5115,-34.6679,138.7015
5116,-34.6166,138.7337
5117,-34.641,138.6461
5118,-34.5862,138.7137
5120,-34.6663,138.5603
5121,-34.7,138.6333
5125,-34.7833,138.7333
5126,-34.8,138.7286
5127,-34.7994,138.6871
5131,-34.8287,138.7615
5132,-34.8488,138.78
5133,-34.824,138.7739
5134,-34.888,138.7491
5136,-34.9229,138.7249
5137,-34.9395,138.7371
5138,-34.9398,138.765
5139,-34.928,138.807
5140,-34.9499,138.6917
5141,-34.9595,138.7313
5142,-34.956,138.7444
5144,-34.9647,138.7618
5150,-34.9741,138.6734
5151,-34.9778,138.7302
5152,-35.0152,138.7364
5153,-35.05,138.7167
5154,-35.0167,138.7333
5155,-35.0037,138.7637
5156,-35.0167,138.6833
5157,-35.0873,138.6764
5158,-35.0793,138.5274
5159,-35.0833,138.5333
5160,-35.1068,138.4929
5161,-35.0937,138.5308
5162,-35.1333,138.5167
5163,-35.1545,138.5142
5164,-35.13,138.4963
5165,-35.1388,138.4723
5166,-35.1188,138.4734
5167,-35.148,138.471
5168,-35.1821,138.5014
5169,-35.1988,138.4909
5170,-35.2259,138.4798
5171,-35.2178,138.5633
5172,-35.2833,138.6167
5173,-35.2779,138.4523
5174,-35.3296,138.4742
5201,-35.2266,138.6861
5202,-35.4,138.45
5203,-35.5167,138.4167
5204,-35.4477,138.317
5210,-35.3469,138.6203
5211,-35.516,138.5679
5212,-35.5302,138.6792
5213,-35.5105,138.7038
5214,-35.5101,138.8676
5220,-35.7853,137.2571
5221,-35.7725,137.7783
5222,-35.7717,137.7804
5223,-35.5808,137.595
5231,-34.8225,138.8335
5232,-34.8409,138.8284
5233,-34.8239,138.8847
5234,-34.8183,138.9648
5235,-34.7247,139.0596
5236,-34.8167,139.0667
5237,-34.7554,139.2219
5238,-34.9,139.6167
5240,-34.9182,138.8326
5241,-34.9045,138.8748
5242,-34.9909,138.8257
5243,-34.9834,138.8453
5244,-34.9734,138.8917
5245,-35.049,138.8089
5246,-34.9614,138.8661
5250,-35.05,138.85
5251,-35.0253,138.8683
5252,-35.0345,138.9115
5253,-35.23,139.2221
5254,-35.1199,139.2735
5255,-35.2167,138.95
5256,-35.4905,138.9207
5259,-35.2523,139.4555
5260,-35.2523,139.4555
5261,-35.5084,139.7578
5262,-36.7951,140.9375
5263,-37.2906,140.8344
5264,-35.8184,139.4684
5265,-35.8224,139.6652
5266,-35.8871,140.0565
5267,-35.962,140.2192
5268,-36.1788,140.6703
5269,-32.1717,133.7971
5270,-36.3444,140.5818
5271,-37.1392,140.7218
5272,-36.9727,140.3701
5273,-36.9667,140.2333
5275,-36.8333,139.85
5276,-37.3256,139.8523
5277,-37.4131,140.8494
5278,-37.5648,140.6992
5279,-37.542,140.4555
5280,-37.4802,140.0107
5290,-37.8318,140.7792
5291,-37.6667,140.5833
5301,-35.2899,139.6455
5302,-35.329,140.5167
5303,-35.3,140.6667
5304,-35.2616,140.912
5306,-35.1333,139.7333
5307,-35.0945,139.8934
5308,-34.6994,139.9646
5309,-34.8167,140.2167
5310,-34.6667,140.2833
5311,-34.5444,140.8801
5312,-34.6667,140.5167
5320,-33.0249,137.5247
5321,-34.0388,139.7639
5322,-34.1417,139.9
5330,-34.1621,140.0839
5331,-34.325,140.3517
5332,-34.2663,140.3566
5333,-34.4353,140.4932
5340,-34.2156,140.8435
5341,-34.1006,140.6737
5342,-34.2384,140.5613
5343,-34.2579,140.6482
5344,-34.2769,140.541
5345,-34.2695,140.4474
5346,-34.2438,140.4043
5350,-34.5848,138.8205
5351,-34.6248,138.8365
5352,-34.5145,139.0054
5353,-34.5013,139.0462
5354,-34.6635,139.7823
5355,-34.4716,139.0229
5356,-34.3914,139.3489
5357,-34.4159,139.7875
5360,-34.457,138.9272
5371,-34.534,138.7502
5372,-34.4541,138.8087
5373,-34.3853,138.8749
5374,-34.15,139.05
5381,-33.9739,138.9816
5400,-34.4699,138.6856
5401,-34.2668,138.6304
5410,-34.3603,138.7679
5411,-34.2716,138.7713
5412,-34.1442,138.7241
5413,-34.15,138.8667
5414,-34.0,138.8167
5415,-33.9167,138.7167
5416,-33.8295,138.7927
5417,-33.5667,139.1
5418,-33.4047,139.0184
5419,-33.4,138.8833
5420,-33.1826,138.7625
5421,-33.1352,139.0737
5422,-32.95,138.9667
5431,-32.7344,138.6139
5432,-32.3042,138.5417
5433,-32.3468,138.0418
5434,-31.8892,138.42
5440,-32.3,139.4333
5451,-34.0269,138.6852
5452,-33.9942,138.6248
5453,-33.825,138.5748
5454,-33.4979,138.6075
5455,-33.8458,138.6125
5460,-34.3,138.45
5461,-34.0851,138.3993
5462,-33.8486,138.4893
5464,-33.7,138.4167
5470,-33.5514,138.4805
5471,-33.4672,138.443
5472,-33.3667,138.4
5473,-33.2669,138.3566
5480,-33.1176,138.3595
5481,-33.0338,138.2692
5482,-32.8333,138.4833
5483,-32.8253,138.1863
5485,-32.6499,138.0981
5490,-33.1833,138.4833
5491,-33.0681,138.5217
5493,-34.9167,137.55
5495,-32.85,138.0333
5501,-34.4333,138.2667
5502,-34.4374,138.5099
5510,-33.9333,138.1667
5520,-33.9167,138.2333
5521,-33.5333,138.2333
5522,-33.5594,137.9429
5523,-33.3927,137.9731
5540,-33.189,138.0451
5550,-34.2799,138.2378
5552,-34.0333,137.9
5554,-33.9199,137.6638
5555,-33.7833,137.7
5556,-33.9029,137.6329
5558,-34.05,137.5667
5560,-33.8656,138.0066
5570,-34.2763,137.8728
5571,-34.4222,137.9191
5572,-34.2667,137.75
5573,-35.1494,137.1512
5575,-34.8888,137.458
5576,-35.1167,137.65
5577,-35.275,136.8917
5580,-34.6667,137.8667
5581,-34.778,137.8608
5582,-34.9111,137.799
5583,-35.044,137.7311
5600,-33.0327,137.5648
5601,-32.9951,137.1686
5602,-33.5833,136.8333
5603,-33.925,136.4
5604,-34.1188,136.3483
5605,-34.1167,136.1
5606,-34.7263,135.8744
5607,-34.4167,135.85
5608,-33.029,137.5392
5609,-33.0221,137.5127
5630,-34.4118,135.7063
5631,-34.2601,135.7273
5632,-34.0328,135.7293
5633,-33.5667,135.7667
5640,-33.3131,136.2551
5641,-33.0833,136.5167
5642,-33.6833,136.2667
5650,-33.1667,135.8833
5651,-33.1333,135.5667
5652,-33.0334,135.4402
5653,-32.9462,135.2737
5654,-33.1167,135.1
5655,-32.7167,134.85
5660,-32.5833,134.7167
5661,-32.4,134.5167
5670,-33.5096,134.9778
5671,-33.0279,134.4531
5680,-32.2167,134.2
5690,-32.077,133.4841
5700,-32.5369,137.8122
5701,-30.7101,134.5707
5710,-30.9107,135.3105
5720,-31.2521,136.8048
5722,-30.4481,137.1656
5723,-29.0141,134.755
5724,-27.3103,133.2966
5725,-30.4468,136.8668
5730,-31.1174,138.6896
5731,-30.5931,138.4003
5732,-30.5599,138.4213
5733,-30.0665,138.2847
5734,-27.5514,135.4491
5800,-34.9287,138.5986
5810,-34.9287,138.5986
5839,-34.9287,138.5986
5860,-34.9287,138.5986
5861,-34.9287,138.5986
5862,-34.9287,138.5986
5863,-34.9287,138.5986
5864,-34.9287,138.5986
5865,-34.9287,138.5986
5866,-34.9287,138.5986
5867,-34.9287,138.5986
5868,-34.9287,138.5986
5869,-34.9287,138.5986
5870,-34.9287,138.5986
5871,-34.9287,138.5986
5872,-34.9287,138.5986
5873,-34.9287,138.5986
5874,-34.9287,138.5986
5875,-34.9287,138.5986
5876,-34.9287,138.5986
5877,-34.9287,138.5986
5878,-34.9287,138.5986
5879,-34.9287,138.5986
5880,-34.9287,138.5986
5881,-34.9287,138.5986
5882,-34.9287,138.5986
5883,-34.9287,138.5986
5884,-34.9287,138.5986
5885,-34.9287,138.5986
5886,-34.9287,138.5986
5887,-34.9287,138.5986
5888,-34.9287,138.5986
5889,-34.9287,138.5986
5890,-34.9287,138.5986
5891,-34.9287,138.5986
5892,-34.9287,138.5986
5893,-34.9287,138.5986
5894,-34.9287,138.5986
5895,-34.9287,138.5986
5896,-34.9287,138.5986
5897,-34.9287,138.5986
5898,-34.9287,138.5986
5899,-34.9287,138.5986
5900,-34.8956,138.5855
5901,-34.8956,138.5855
5902,-34.8956,138.5855
5903,-34.8956,138.5855
5904,-34.8956,138.5855
5920,-34.9287,138.5986
5942,-34.8626,138.5724
5950,-34.9461,138.5302
5960,-34.8956,138.5855
7000,-42.8716,147.3016
7001,-42.8794,147.3294
7002,-42.8741,147.316
7004,-42.8946,147.3092
7005,-42.8945,147.3244
7006,-42.8945,147.3244
7007,-42.914,147.3071
7008,-42.8576,147.3087
7009,-42.85,147.2818
7010,-42.821,147.2526
7011,-42.8167,147.25
7012,-42.8417,147.1961
7015,-42.8296,147.3463
7016,-42.8124,147.3565
7017,-42.7261,147.2802
7018,-42.8707,147.357
7019,-42.9018,147.4559
7020,-42.9333,147.5
7021,-42.9136,147.4875
7022,-43.0247,147.4149
7023,-42.9954,147.4038
7024,-42.9578,147.5315
7025,-42.7355,147.4383
7026,-42.6648,147.4232
7027,-42.5333,147.3667
7030,-42.1104,146.8924
7050,-42.9802,147.3194
7051,-42.9764,147.3035
7052,-43.0031,147.3169
7053,-42.968,147.3319
7054,-43.0767,147.2756
7055,-43.0016,147.2957
7109,-43.1673,146.9986
7112,-43.1585,147.1447
7113,-43.0888,147.0091
7116,-43.1323,146.9763
7117,-43.3142,147.0149
7119,-42.4,147.3833
7120,-42.3482,147.4726
7139,-42.7665,146.0521
7140,-42.7119,146.9131
7150,-43.0151,147.2014
7151,-42.7167,146.9167
7155,-43.1262,147.2464
7162,-43.1755,147.242
7163,-43.2336,147.2198
7170,-42.8586,147.5053
7171,-42.7776,147.5228
7172,-42.7333,147.5333
7173,-42.8,147.6333
7174,-42.8167,147.8
7175,-42.8133,147.8342
7176,-42.7785,147.8153
7177,-42.8865,147.8108
7178,-42.9473,147.8705
7179,-43.0179,147.9222
7180,-43.0629,147.863
7182,-43.1458,147.8437
7183,-43.1333,147.8
7184,-43.1249,147.7212
7185,-43.0546,147.7708
7186,-43.0234,147.7183
7187,-43.05,147.85
7190,-42.1228,148.0743
7209,-42.0308,147.4927
7210,-41.9256,147.4939
7211,-41.8,147.4
7212,-41.5686,147.2527
7213,-41.8307,147.8968
7214,-41.6081,147.8854
7215,-41.7438,148.2762
7216,-41.2651,148.1443
7248,-41.3971,147.1313
7249,-41.4833,147.1707
7250,-41.4592,147.1808
7252,-41.1315,147.01
7253,-41.1056,146.8261
7254,-41.167,147.3094
7255,-40.1522,148.0673
7256,-39.9208,144.1194
7257,-40.3734,148.027
7258,-41.5058,147.2021
7259,-41.3403,147.303
7260,-41.1215,147.5595
7261,-41.1662,147.7431
7262,-40.9607,147.6967
7263,-41.3106,147.69
7264,-40.9593,148.0094
7265,-41.0975,147.8238
7267,-41.2443,147.1534
7268,-41.288,147.2136
7270,-41.2,146.9
7275,-41.3021,146.969
7276,-41.2863,146.9752
7277,-41.3515,147.0052
7290,-41.5006,147.0736
7291,-41.5324,147.0103
7292,-41.4667,146.9111
7300,-41.5723,147.171
7301,-41.7366,146.8979
7302,-41.6856,147.0779
7303,-41.5318,146.8687
7304,-41.4881,146.4819
7305,-41.3457,146.4236
7306,-41.4594,146.1829
7307,-41.2983,146.4915
7310,-41.2531,146.2766
7315,-41.1603,146.1824
7316,-41.1532,145.9994
7320,-41.0499,145.8516
7321,-41.12,145.938
7322,-41.0406,145.8305
7325,-41.1737,145.6318
7330,-41.0332,145.0834
7331,-40.7606,145.2955
7466,-42.0749,145.5968
7467,-42.0805,145.5565
7468,-42.1519,145.3273
7469,-41.8417,145.3764
7470,-41.7794,145.5383
7800,-42.8794,147.3294
7802,-42.8794,147.3294
7803,-42.8794,147.3294
7804,-42.8794,147.3294
7805,-42.8794,147.3294
7806,-42.8794,147.3294
7807,-42.8794,147.3294
7808,-42.8794,147.3294
7809,-42.8794,147.3294
7810,-42.8794,147.3294
7811,-42.8794,147.3294
7812,-42.8794,147.3294
7813,-42.8794,147.3294
7814,-42.8794,147.3294
7823,-42.8794,147.3294
7824,-42.8794,147.3294
7827,-42.8794,147.3294
7828,-42.8794,147.3294
7829,-42.8794,147.3294
7845,-42.8794,147.3294
7850,-42.8794,147.3294
7901,-41.4388,147.1347
7902,-41.4388,147.1347
7903,-41.4388,147.1347
7904,-41.4388,147.1347
7905,-41.4388,147.1347
7906,-41.4388,147.1347
7907,-41.4388,147.1347
7908,-41.4388,147.1347
7915,-41.0558,145.9037
7916,-41.4388,147.1347
7917,-41.4388,147.1347
7918,-41.4388,147.1347
7919,-41.4388,147.1347
7920,-41.4388,147.1347
7921,-41.4388,147.1347
7922,-41.4388,147.1347
7923,-41.4388,147.1347
3000,-37.814,144.9633
3001,-37.814,144.9633
3002,-37.8167,144.9879
3003,-37.8101,144.95
3004,-37.814,144.9633
3005,-37.8152,144.9632
3006,-37.8253,144.9522
3008,-37.8149,144.9505
3010,-37.7958,144.9612
3011,-37.8061,144.8907
3012,-37.7803,144.8735
3013,-37.8167,144.9
3015,-37.8443,144.8848
3016,-37.8552,144.8826
3018,-37.864,144.845
3019,-37.7867,144.8548
3020,-37.7912,144.8164
3021,-37.7461,144.7686
3022,-37.7764,144.8016
3023,-37.7667,144.7833
3024,-37.8415,144.541
3025,-37.8349,144.8474
3026,-37.8205,144.8159
3027,-37.8619,144.7437
3028,-37.8841,144.7837
3029,-37.8167,144.75
3030,-37.9148,144.7509
3031,-37.7882,144.93
3032,-37.7833,144.8833
3033,-37.7326,144.865
3034,-37.7616,144.8626
3036,-37.6963,144.8047
3037,-37.6905,144.7417
3038,-37.7234,144.8084
3039,-37.7667,144.9167
3040,-37.7667,144.9167
3041,-37.6333,142.4833
3042,-37.7203,144.8542
3043,-37.7082,144.8908
3044,-37.7333,144.9333
3045,-37.6743,144.8518
3046,-37.7184,144.9195
3047,-37.6708,144.9354
3048,-37.6568,144.9346
3049,-37.676,144.887
3050,-37.7981,144.9555
3051,-37.8,144.9667
3052,-37.7833,144.95
3053,-37.8,144.9667
3054,-37.7818,144.9666
3055,-37.7603,144.9502
3056,-37.7667,144.9667
3057,-37.7603,144.9502
3058,-37.7287,144.9613
3059,-37.6333,144.8667
3060,-37.7167,144.9667
3061,-37.6833,144.95
3062,-37.65,144.9333
3063,-37.5911,144.8782
3064,-37.5333,144.95
3065,-37.7984,144.9783
3066,-37.8,144.9833
3067,-37.8,145.0
3068,-37.7886,144.9788
3070,-37.7667,145.0
3071,-37.75,145.0
3072,-37.75,145.0167
3073,-37.7167,145.0
3074,-37.6833,145.0167
3075,-37.6667,145.0167
3076,-37.6307,145.006
3078,-37.7804,145.0309
3079,-37.769,145.0431
3081,-37.75,145.0333
3082,-37.6667,145.0667
3083,-37.7141,145.0351
3084,-37.7399,145.0932
3085,-37.7251,145.0935
3086,-37.7173,145.0826
3087,-37.6998,145.0847
3088,-37.7,145.1333
3089,-37.6667,145.15
3090,-37.6667,145.1167
3091,-37.6375,145.1349
3093,-37.7333,145.1167
3094,-37.7167,145.1167
3095,-37.7,145.1833
3096,-37.6667,145.1833
3097,-37.7008,145.2848
3099,-37.55,145.2667
3101,-37.8064,145.0309
3102,-37.7976,145.0538
3103,-37.8117,145.081
3104,-37.7909,145.0939
3105,-37.7667,145.0833
3106,-37.75,145.1167
3107,-37.7667,145.1167
3108,-37.7883,145.1237
3109,-37.7795,145.1638
3110,-37.7576,145.2408
3111,-37.7891,145.1749
3113,-37.75,145.2333
3114,-37.7769,145.2146
3115,-37.7333,145.2667
3116,-37.7386,145.3143
3121,-37.8286,145.0077
3122,-37.8344,145.0397
3123,-37.8167,145.05
3124,-37.8248,145.0705
3125,-37.8505,145.0949
3126,-37.8247,145.0848
3127,-37.8252,145.1004
3128,-37.8324,145.121
3129,-37.8027,145.1266
3130,-37.8093,145.1518
3131,-37.8333,145.1833
3132,-37.8182,145.199
3133,-37.8362,145.1943
3134,-37.7667,145.25
3135,-37.8213,145.2489
3136,-37.7833,145.3
3137,-37.8,145.3167
3138,-37.7833,145.3
3139,-37.8333,145.5833
3140,-37.75,145.35
3141,-37.8333,144.9833
3142,-37.8416,145.0144
3143,-37.8554,145.0205
3144,-37.8399,145.0352
3145,-37.874,145.0425
3146,-37.8667,145.0667
3147,-37.8666,145.1055
3148,-37.8833,145.1167
3149,-37.8742,145.1479
3150,-37.9,145.1833
3151,-37.8535,145.1503
3152,-37.8833,145.2167
3153,-37.8261,145.2983
3154,-37.85,145.3167
3155,-37.8667,145.2833
3156,-37.9581,145.2727
3158,-37.9,145.3333
3159,-37.9167,145.4
3160,-37.903,145.3447
3161,-37.8739,145.0249
3162,-37.8956,145.026
3163,-37.8833,145.05
3164,-37.9833,145.2
3165,-37.9221,145.0667
3166,-37.9,145.1167
3167,-37.9,145.1
3168,-37.905,145.1427
3169,-37.9333,145.1167
3170,-37.9167,145.2
3171,-37.9457,145.1581
3172,-37.9667,145.15
3173,-37.9912,145.1739
3174,-37.9667,145.1667
3175,-37.9833,145.2
3176,-37.9636,145.1943
3177,-37.9935,145.2389
3178,-37.9333,145.2333
3179,-37.9,145.2333
3180,-37.8898,145.2496
3181,-37.8511,144.9932
3182,-37.8599,144.9711
3183,-37.8659,145.0002
3184,-37.8821,144.9821
3185,-37.8864,145.0025
3186,-37.895,145.0191
3187,-37.9667,145.0167
3188,-37.9372,145.0046
3189,-37.9367,145.0342
3190,-37.95,145.05
3191,-37.95,145.0
3192,-37.9694,145.0481
3193,-37.9822,145.0389
3194,-37.9833,145.0667
3195,-37.9995,145.1163
3196,-38.0333,145.1333
3197,-38.0833,145.1333
3198,-38.1049,145.1382
3199,-38.1278,145.15
3200,-38.1235,145.1484
3201,-38.0997,145.1725
3202,-37.956,145.0984
3204,-37.9039,145.0415
3205,-37.8335,144.9571
3206,-37.8333,145.0
3207,-37.836,144.9183
3211,-37.9667,144.5
3212,-38.0239,144.4062
3213,-37.9167,144.25
3214,-38.1014,144.3542
3215,-38.1,144.3667
3216,-38.1706,144.3114
3217,-38.1974,144.3023
3218,-38.1333,144.3167
3219,-38.1698,144.3789
3220,-38.1619,144.3556
3221,-38.0833,144.1333
3222,-38.2167,144.5833
3223,-38.1705,144.718
3224,-38.19,144.4682
3225,-38.2817,144.6105
3226,-38.2653,144.5147
3227,-38.2667,144.4
3228,-38.3333,144.2667
3230,-38.4073,144.1859
3231,-38.464,144.1039
3232,-38.5404,143.9764
3233,-38.7594,143.6722
3234,-38.6622,143.8466
3235,-38.4,143.8667
3236,-38.6333,143.7167
3237,-38.6366,143.5678
3238,-38.756,143.3893
3239,-38.6333,143.3167
3240,-38.2409,144.1748
3241,-38.35,144.0333
3242,-38.3368,143.7847
3243,-38.3667,143.8167
3249,-38.4167,143.6
3250,-38.3445,143.5841
3251,-38.1167,143.5667
3254,-38.2833,143.5167
3260,-38.1833,143.2167
3264,-38.2408,142.9212
3265,-38.2167,143.0167
3266,-38.4143,143.1039
3267,-38.4333,143.05
3268,-38.5,142.7833
3269,-38.6833,143.15
3270,-38.6035,142.8733
3271,-37.85,142.9833
3272,-38.081,142.8083
3273,-38.0,142.7
3274,-37.95,142.5167
3275,-38.2876,142.4615
3276,-38.2,142.4333
3277,-38.45,142.7333
3278,-38.2833,142.6333
3279,-38.3333,142.5833
3280,-38.3818,142.488
3281,-38.2833,142.5333
3282,-38.2918,142.3673
3283,-38.2333,142.3667
3284,-38.3853,142.2371
3285,-38.3156,142.0651
3286,-38.0,142.0167
3287,-37.9833,142.35
3289,-37.8751,142.2913
3292,-38.05,141.0167
3293,-37.7187,142.5402
3294,-37.6667,142.2333
3300,-37.7442,142.022
3301,-37.8167,142.1
3302,-37.8,141.65
3303,-37.95,141.75
3304,-38.1329,141.6295
3305,-38.2019,141.3416
3309,-37.8,141.5333
3310,-37.7205,141.5483
3311,-37.5849,141.403
3312,-37.6333,140.9667
3314,-37.4,142.1333
3315,-37.3833,141.5667
3317,-37.1667,141.6
3318,-37.0365,141.2966
3319,-36.85,141.1667
3321,-38.1009,144.0575
3322,-38.0333,143.6333
3323,-38.05,143.4667
3324,-37.9527,143.3378
3325,-37.9479,143.2203
3328,-38.0333,144.05
3329,-38.0167,143.9667
3330,-37.9,143.7167
3331,-37.9,144.1333
3332,-37.9657,144.1357
3333,-37.9333,143.9833
3334,-37.7889,144.0333
3335,-37.687,144.6908
3337,-37.6834,144.5854
3338,-37.7008,144.5603
3340,-37.85,144.2833
3341,-37.5465,144.313
3342,-37.6426,144.2293
3345,-37.5823,144.1093
3350,-37.55,143.9
3351,-37.5833,143.5
3352,-37.5,143.85
3353,-37.5662,143.8496
3354,-37.5987,143.7607
3355,-37.5314,143.8286
3356,-37.5891,143.8147
3357,-37.6502,143.8839
3360,-37.7167,143.6
3361,-37.7,143.2167
3363,-37.3167,143.6833
3364,-37.2833,144.0333
3370,-37.2947,143.7864
3371,-37.2037,143.6586
3373,-37.4333,143.4667
3374,-37.15,142.85
3375,-37.3667,143.1667
3377,-37.2626,142.9809
3378,-37.5333,143.0667
3379,-37.858,142.6511
3380,-37.0563,142.7809
3381,-37.0132,142.692
3384,-37.1333,143.0667
3385,-36.7333,142.5667
3387,-36.85,142.9333
3388,-36.5667,142.8333
3390,-36.5,142.4167
3391,-36.0833,142.4167
3392,-36.3333,142.55
3393,-36.2043,142.3909
3395,-35.9167,142.1667
3396,-35.727,142.3663
3400,-36.7113,142.1998
3401,-36.5333,142.2333
3402,-36.7113,142.1998
3407,-37.3167,141.8333
3409,-36.7403,141.9452
3412,-36.7179,141.4731
3413,-36.7667,141.0833
3414,-36.3,142.05
3415,-36.3667,141.35
3418,-36.3594,141.8555
3419,-36.3786,141.2422
3420,-36.375,141.0583
3423,-36.1425,141.9882
3424,-35.7667,142.05
3427,-37.626,144.7188
3428,-37.6384,144.8074
3429,-37.5774,144.7261
3430,-37.4833,144.75
3431,-37.4605,144.6796
3432,-37.4333,144.75
3433,-37.4167,144.75
3434,-37.3507,144.743
3435,-37.2773,144.736
3437,-37.5167,144.4833
3438,-37.4428,144.6184
3440,-37.4196,144.5624
3441,-37.4005,144.5841
3442,-37.35,144.65
3444,-37.0833,144.5167
3446,-37.1886,144.3847
3447,-37.15,144.3667
3448,-36.9833,144.3667
3450,-37.0671,144.2168
3451,-37.1426,144.1861
3453,-36.9,144.2167
3458,-37.4167,144.3167
3460,-37.3411,144.1426
3461,-37.45,144.1333
3462,-37.106,144.0647
3463,-36.9957,144.0683
3464,-37.0481,143.8167
3465,-36.9667,143.7833
3467,-37.0904,143.4736
3468,-37.25,143.4
3469,-37.1389,143.2611
3472,-36.9167,143.75
3475,-36.7333,143.4667
3477,-36.5833,143.0
3478,-36.9333,143.3167
3480,-36.3,142.7167
3482,-36.1167,142.7833
3483,-36.0,143.0333
3485,-35.6811,142.6617
3487,-35.6167,142.5833
3488,-35.4,142.5333
3489,-35.3333,142.4167
3490,-35.15,142.65
3491,-35.3833,142.2
3494,-34.5,142.2916
3496,-34.5668,141.5741
3498,-34.2354,142.171
3501,-34.6355,142.3253
3502,-34.1855,142.1625
3505,-34.1853,142.0476
3506,-35.2333,141.3667
3507,-35.1333,142.0333
3509,-35.1667,141.7
3512,-35.25,141.1
3515,-36.8833,144.0167
3516,-36.6027,143.9423
3517,-36.5167,143.7333
3518,-36.3833,143.45
3520,-36.3561,143.7034
3521,-37.1129,144.8523
3522,-37.05,144.8333
3523,-36.8667,144.8
3525,-36.2726,143.4353
3527,-36.05,143.3833
3529,-35.85,143.1833
3530,-35.7808,143.1242
3531,-35.55,142.9167
3533,-35.5039,142.8498
3537,-35.9917,143.843
3540,-35.9109,143.5635
3542,-35.6672,143.3779
3544,-35.4187,143.1916
3546,-35.1891,142.9431
3549,-34.5836,142.7723
3550,-36.7812,144.2956
3551,-36.7167,144.7
3552,-36.7582,144.2802
3554,-36.731,144.2997
3555,-37.7,143.6667
3556,-36.6,144.1333
3557,-36.6165,144.5072
3558,-36.4946,144.6105
3559,-36.5333,144.5667
3561,-36.3333,144.75
3562,-36.0231,144.5533
3563,-36.2712,144.5373
3564,-36.1262,144.6892
3565,-36.2003,144.5363
3566,-35.9561,144.3692
3567,-35.9039,144.3022
3568,-35.8147,144.1738
3570,-36.4707,144.3336
3571,-36.4064,144.1719
3572,-36.2833,144.4333
3573,-36.2333,144.4167
3575,-36.0506,143.9521
3576,-36.1259,143.9199
3579,-35.5535,143.7221
3580,-35.6318,144.1248
3581,-35.65,143.7833
3583,-35.5057,143.6748
3584,-35.463,143.6326
3585,-35.5412,143.4973
3586,-35.3167,143.5333
3588,-35.2911,143.4551
3589,-35.255,143.4593
3590,-35.2238,143.4727
3591,-35.2393,143.3195
3594,-35.1755,143.3774
3595,-35.1854,143.3508
3596,-35.1167,143.2833
3597,-34.774,143.2472
3599,-34.7213,143.1648
3607,-36.85,145.1667
3608,-36.7741,145.0958
3610,-36.596,145.2493
3612,-36.6,144.8833
3614,-36.5,145.35
3616,-36.6,145.1167
3617,-36.4167,145.1833
3618,-36.3724,145.1322
3619,-36.3134,145.0504
3620,-36.25,145.1667
3621,-36.2833,145.0
3622,-36.2207,144.8906
3623,-36.4472,144.9827
3624,-36.3999,144.9496
3629,-36.3333,145.3
3630,-36.3805,145.3987
3631,-36.45,145.5333
3632,-36.3805,145.3987
3633,-36.3,145.4333
3634,-36.2456,145.4686
3635,-36.1526,145.431
3636,-36.1295,145.5085
3637,-35.9833,145.3167
3638,-36.0577,145.2041
3639,-36.0159,144.9628
3640,-36.0133,145.4695
3641,-35.8857,145.3453
3643,-35.9207,145.6407
3646,-36.4167,145.7167
3647,-36.3957,145.7047
3649,-36.0759,145.6872
3658,-37.3002,145.0668
3659,-37.0937,145.1
3660,-36.9667,145.1167
3661,-37.0266,145.1392
3662,-36.9604,145.0527
3663,-36.9333,145.1833
3664,-36.9009,145.2337
3665,-36.8,145.4167
3666,-36.6167,145.4667
3669,-36.55,145.6667
3670,-36.6333,145.8667
3671,-36.5511,145.9843
3672,-36.5511,145.9843
3673,-36.4833,145.9167
3675,-36.2667,146.1333
3676,-36.3585,146.3206
3677,-36.3639,146.3103
3678,-36.3954,146.3852
3682,-36.1167,146.4
3683,-36.1399,146.5408
3685,-36.0333,146.5
3687,-36.0118,146.3971
3688,-36.1399,146.5408
3689,-36.1218,146.8881
3690,-36.1218,146.8881
3694,-36.1454,146.9188
3695,-36.2333,147.0667
3697,-36.6895,147.1421
3698,-36.7359,147.1521
3699,-36.7363,147.1753
3700,-36.1833,147.2833
3701,-36.45,147.2
3704,-36.15,147.5
3705,-36.3112,147.726
3708,-36.05,147.9333
3709,-35.9667,147.7333
3711,-37.4167,145.7167
3712,-37.2558,145.7964
3713,-37.2324,145.9126
3714,-37.1913,145.7112
3715,-36.9768,145.7108
3717,-37.3333,145.3333
3718,-37.1667,145.5333
3719,-37.1,145.6167
3720,-37.0167,145.8667
3722,-37.0,146.1667
3723,-37.1667,146.0
3724,-37.052,146.0885
3725,-36.4167,145.9167
3726,-36.3,146.05
3727,-36.2667,145.8333
3728,-36.161,145.8768
3730,-36.0639,145.854
3732,-36.578,146.3784
3733,-36.7833,146.4167
3735,-36.55,146.5833
3736,-36.561,146.7237
3737,-36.6333,146.6833
3738,-36.5874,146.7593
3739,-36.6352,146.8596
3740,-36.7829,146.8699
3741,-36.8202,147.0642
3744,-36.7833,146.9833
3746,-36.3,146.5167
3747,-36.2833,146.7833
3749,-36.4167,146.85
3750,-37.5833,145.0333
3751,-37.55,145.0333
3752,-37.65,145.1
3753,-37.4833,144.9833
3754,-37.6007,145.0956
3755,-37.5667,145.1
3756,-37.4369,144.8946
3757,-37.5,145.3
3758,-37.3719,145.0321
3759,-37.6408,145.2399
3760,-37.6202,145.2603
3761,-37.5782,145.3074
3762,-37.35,144.9667
3763,-37.5329,145.3396
3764,-37.4658,145.0672
3765,-37.8167,145.35
3766,-37.8167,145.3667
3767,-37.8333,145.3667
3770,-37.7249,145.378
3775,-37.6,145.4167
3777,-37.654,145.5172
3778,-37.5639,145.6557
3779,-37.5588,145.8906
3781,-37.9833,145.5
3782,-37.9333,145.4667
3783,-37.9532,145.5554
3785,-37.9,145.3333
3786,-37.8833,145.3333
3787,-37.8667,145.35
3788,-37.85,145.3667
3789,-37.8833,145.35
3791,-37.8833,145.3667
3792,-37.9,145.3833
3793,-37.8833,145.4
3795,-37.8167,145.4167
3796,-37.7833,145.3833
3797,-37.8,145.65
3799,-37.7833,145.75
3800,-37.9106,145.1348
3802,-37.977,145.2587
3803,-38.0167,145.2667
3804,-37.9833,145.3167
3805,-38.0333,145.3
3806,-38.0,145.35
3807,-38.0161,145.3871
3808,-37.9801,145.4669
3809,-38.0592,145.4095
3810,-38.1333,145.4333
3812,-38.036,145.5948
3813,-38.0834,145.6246
3814,-38.15,145.6
3815,-38.0167,145.7333
3816,-38.05,145.8
3818,-38.1,145.8667
3820,-38.1591,145.9312
3821,-38.1,145.9
3822,-38.2333,145.9667
3823,-38.2052,146.0608
3824,-38.2667,146.15
3825,-38.1783,146.261
3831,-37.9833,146.0
3832,-37.9296,145.9612
3833,-37.8728,146.1029
3835,-38.2833,146.1833
3840,-38.2833,146.35
3841,-38.2458,146.6306
3842,-38.3078,146.4137
3844,-38.3008,146.6242
3847,-38.1545,146.7886
3850,-38.1167,147.0333
3851,-38.1,146.9833
3852,-38.1035,147.127
3853,-38.111,147.068
3854,-38.1167,146.5667
3856,-38.05,146.6167
3857,-38.0167,146.6833
3858,-37.9833,146.7333
3859,-37.9167,146.8833
3860,-38.0,146.95
3862,-37.9333,147.0667
3864,-37.7833,147.35
3865,-37.8005,147.4598
3869,-38.3225,146.3292
3870,-38.4167,146.3333
3871,-38.401,146.1613
3873,-38.2833,146.7
3874,-38.5238,146.8751
3875,-37.8229,147.6104
3878,-37.9,147.6833
3880,-37.9189,147.7194
3882,-37.8167,147.7333
3885,-37.0833,148.2833
3886,-37.7333,148.45
3887,-37.7167,148.1
3888,-37.75,148.1667
3889,-37.6967,148.7197
3890,-37.2655,149.1431
3891,-37.475,149.6333
3892,-37.559,149.7541
3893,-37.4667,147.7917
3895,-37.3833,147.8333
3896,-37.25,147.7167
3898,-37.0167,147.65
3900,-36.95,147.7167
3902,-37.8167,147.8
3903,-37.8333,147.8667
3904,-37.8915,147.853
3909,-37.8812,147.981
3910,-38.1667,145.1667
3911,-38.1987,145.1807
3912,-38.2167,145.1667
3913,-38.25,145.1833
3915,-38.2987,145.0967
3916,-38.4263,145.0469
3918,-38.3333,145.1667
3919,-38.35,145.2
3920,-38.3649,145.2004
3921,-38.3406,145.341
3922,-38.4922,145.2627
3923,-38.4642,145.2995
3925,-38.5262,145.3584
3926,-38.35,145.0833
3927,-38.4,145.1667
3928,-38.3973,144.9724
3929,-38.4739,145.019
3930,-38.1833,145.0833
3931,-38.2179,145.0388
3933,-38.2167,145.1167
3934,-38.2667,145.0167
3936,-38.3338,144.9646
3937,-38.35,145.0167
3938,-38.3497,144.9281
3939,-38.4167,144.8833
3940,-38.3644,144.8775
3941,-38.3667,144.8167
3942,-38.3613,144.7795
3943,-38.3396,144.7413
3944,-38.3167,144.7167
3945,-38.4333,145.6667
3946,-38.4167,145.7667
3950,-38.3333,145.9
3951,-38.4,145.8667
3953,-38.45,145.9167
3954,-38.55,145.95
3956,-38.7004,145.8224
3957,-38.5833,146.0333
3958,-38.65,146.0333
3959,-38.8199,146.1174
3960,-38.5333,146.3167
3962,-38.6167,146.3833
3964,-38.6833,146.2667
3965,-38.6992,146.4531
3966,-38.5833,146.45
3967,-38.6333,146.5
3971,-38.6194,146.6036
3975,-38.05,145.25
3976,-38.0333,145.25
3977,-38.1392,145.2684
3978,-38.1167,145.3333
3979,-38.5167,145.7
3980,-38.2143,145.3377
3981,-38.1667,145.5333
3984,-38.3151,145.5606
3987,-38.3336,145.6725
3988,-38.3428,145.7638
3990,-38.45,145.5333
3991,-38.4833,145.45
3992,-38.5333,145.5833
3995,-38.5667,145.7
3996,-38.6333,145.8
8001,-37.814,144.9633
8002,-37.8167,144.9879
8003,-37.8153,144.9756
8004,-37.8153,144.9756
8005,-37.8153,144.9756
8006,-37.8153,144.9756
8007,-37.8153,144.9756
8008,-37.8153,144.9756
8009,-37.8153,144.9756
8010,-37.8149,144.9505
8011,-37.8149,144.9505
8012,-37.8149,144.9505
8045,-37.814,144.9633
8051,-37.814,144.9633
8060,-37.814,144.9633
8061,-37.814,144.9633
8066,-37.814,144.9633
8069,-37.814,144.9633
8070,-37.814,144.9633
8071,-37.814,144.9633
8102,-37.814,144.9633
8103,-37.814,144.9633
8107,-37.814,144.9633
8108,-37.814,144.9633
8111,-37.814,144.9633
8120,-37.814,144.9633
8205,-37.814,144.9633
8383,-37.814,144.9633
8386,-37.814,144.9633
8388,-37.814,144.9633
8390,-37.814,144.9633
8393,-37.814,144.9633
8394,-37.814,144.9633
8396,-37.814,144.9633
8399,-37.814,144.9633
8627,-37.8421,145.0694
6000,-31.9522,115.8614
6001,-31.9522,115.8614
6003,-31.9478,115.8588
6004,-31.9587,115.8711
6005,-31.949,115.842
6006,-31.9272,115.8528
6007,-31.9363,115.8419
6008,-31.9583,115.7972
6009,-31.9818,115.8073
6010,-31.9676,115.798
6011,-31.9988,115.7682
6012,-32.0054,115.7638
6014,-31.9333,115.8
6015,-31.9344,115.7617
6016,-31.92,115.8351
6017,-31.9106,115.8055
6018,-31.9214,115.7932
6019,-31.9117,115.7736
6020,-31.863,115.7562
6021,-31.8834,115.8099
6022,-31.849,115.8076
6023,-31.8329,115.7759
6024,-31.8397,115.8086
6025,-31.807,115.7405
6026,-31.8104,115.8008
6027,-31.7587,115.736
6028,-31.7355,115.7306
6029,-31.8694,115.7571
6030,-31.6649,115.7127
6031,-31.6734,115.7517
6032,-31.6371,115.7625
6033,-31.6058,115.7144
6034,-31.5868,115.6888
6035,-31.5468,115.6317
6036,-31.643,115.7043
6037,-31.4998,115.5874
6038,-31.6304,115.6864
6041,-31.3591,115.5608
6042,-31.2772,115.4439
6043,-31.1002,115.3909
6044,-31.0225,115.3365
6050,-31.9189,115.8621
6051,-31.931,115.8949
6052,-31.9166,115.8798
6053,-31.9169,115.9178
6054,-31.9172,115.938
6055,-31.9174,116.0118
6056,-31.9066,116.0422
6057,-31.9444,116.0034
6058,-31.9828,116.0067
6059,-31.8882,115.8719
6060,-31.9077,115.8423
6061,-31.8674,115.8392
6062,-31.9035,115.909
6063,-31.8651,115.9366
6064,-31.841,115.8398
6065,-31.8111,115.8281
6066,-31.8406,115.8955
6067,-31.8194,115.9055
6068,-31.8245,115.9416
6069,-31.7813,115.9896
6070,-31.9191,116.0812
6071,-31.8833,116.1
6072,-31.9095,116.1043
6073,-31.9021,116.1676
6074,-31.9023,116.2007
6076,-32.0,116.0833
6077,-31.7761,115.8662
6078,-31.6936,115.8431
6079,-31.7745,115.9176
6081,-31.8783,116.1707
6082,-31.8761,116.2103
6083,-31.599,116.3541
6084,-31.4677,116.0801
6090,-31.8526,115.881
6100,-31.9587,115.904
6101,-31.9842,115.911
6102,-32.0,115.9167
6103,-31.9555,115.9131
6104,-31.9384,115.9464
6105,-31.9321,115.9564
6106,-31.9944,115.9222
6107,-32.0067,116.0005
6108,-32.06,115.955
6109,-32.05,115.9833
6110,-32.081,116.0054
6111,-32.1191,115.9862
6112,-32.1378,116.0247
6121,-32.2657,115.9183
6122,-32.221,116.009
6123,-32.292,116.0124
6124,-32.3358,116.0595
6125,-32.3605,115.9772
6126,-32.4333,115.9667
6147,-32.0401,115.9289
6148,-32.0296,115.8866
6149,-32.0563,115.8624
6150,-32.0699,115.8376
6151,-31.9833,115.8667
6152,-32.0157,115.8866
6153,-32.0279,115.8489
6154,-32.04,115.8176
6155,-32.0552,115.903
6156,-32.0404,115.8012
6157,-32.045,115.7859
6158,-32.0382,115.7676
6159,-32.0333,115.75
6160,-32.05,115.7667
6161,-31.9952,115.5404
6162,-32.0603,115.7706
6163,-32.0976,115.8192
6164,-32.1435,115.8653
6165,-32.2045,115.81
6166,-32.1696,115.824
6167,-32.1943,115.8763
6168,-32.2833,115.7636
6169,-32.3046,115.7421
6170,-32.2677,115.7993
6171,-32.3289,115.8305
6172,-32.3734,115.7515
6173,-32.4059,115.7585
6174,-32.425,115.761
6175,-32.444,115.7572
6176,-32.3667,115.8167
6180,-32.4956,115.773
6181,-32.4778,115.7942
6182,-32.4299,115.8314
6207,-32.5627,116.1411
6208,-32.5824,115.8315
6209,-32.5585,115.7604
6210,-32.5269,115.7217
6211,-32.6323,115.629
6213,-32.7,116.0167
6214,-32.75,115.8667
6215,-32.8432,115.922
6218,-32.9537,115.8969
6220,-33.0367,115.9527
6221,-33.15,115.9333
6223,-33.1667,115.85
6224,-33.1965,115.9656
6225,-33.3359,116.0994
6226,-33.2833,115.8167
6227,-33.3071,115.8137
6228,-33.3186,115.7567
6229,-33.3471,115.7016
6230,-33.3681,115.6305
6231,-33.3271,115.6414
6232,-33.3166,115.705
6233,-33.2139,115.7196
6236,-33.4667,115.9
6237,-33.4632,115.5862
6239,-33.5756,115.8506
6240,-33.5344,115.9756
6243,-33.6833,116.2333
6244,-33.9355,116.4529
6251,-33.6667,115.8667
6252,-33.7333,115.9333
6253,-33.8,115.9667
6254,-33.8497,116.0582
6255,-33.7667,116.3167
6256,-34.05,116.1667
6258,-34.1833,116.0167
6260,-34.4,116.1
6262,-34.7331,116.0778
6271,-33.5271,115.5065
6275,-33.9787,115.7646
6280,-33.7,115.1833
6281,-33.6356,115.149
6282,-33.683,115.0977
6284,-33.865,115.4242
6285,-33.9791,114.9943
6286,-34.0667,115.0833
6288,-34.2167,115.0833
6290,-34.3455,115.1365
6302,-32.0333,116.6833
6304,-32.3134,116.6088
6306,-32.3723,117.0105
6308,-32.5363,116.8413
6309,-32.6667,117.1333
6311,-32.7333,117.15
6312,-32.8994,117.3744
6313,-33.0667,117.25
6315,-33.1909,117.2901
6316,-33.5667,117.4333
6317,-33.6333,117.9
6318,-33.843,117.6401
6320,-34.0433,117.6414
6321,-34.2976,117.5518
6322,-34.362,117.5549
6323,-34.4821,117.6253
6324,-34.4793,117.8964
6326,-34.7723,117.7042
6327,-34.8667,117.6833
6328,-34.8333,118.1667
6330,-34.8847,118.0131
6331,-34.6956,117.882
6332,-35.0031,117.866
6333,-34.9,117.05
6335,-34.0333,118.15
6336,-33.95,118.8167
6337,-33.9422,118.9173
6338,-34.3925,119.3798
6341,-33.5413,118.146
6343,-33.5378,118.5122
6346,-33.583,120.0469
6348,-33.9506,120.1264
6350,-33.295,117.638
6351,-33.2254,117.9269
6352,-33.1833,118.0833
6353,-33.045,118.5853
6355,-33.0019,118.9292
6356,-33.0859,119.6755
6357,-32.7546,118.6278
6358,-32.4971,118.7098
6359,-32.45,118.8833
6361,-32.9768,117.7739
6363,-32.8762,117.9053
6365,-32.6667,118.3333
6367,-32.4986,118.2653
6368,-32.2,118.3333
6369,-32.0823,118.7442
6370,-32.7816,117.503
6372,-32.5921,117.6273
6373,-32.4964,117.7453
6375,-32.2061,117.9529
6383,-32.1667,117.4667
6384,-31.9525,117.6572
6385,-31.9295,117.7501
6386,-31.9325,117.8313
6390,-32.8,116.5
6391,-33.028,116.8792
6392,-33.3563,116.8259
6393,-33.5159,116.8072
6394,-33.8333,116.9833
6395,-33.8305,117.1595
6396,-34.3667,117.0667
6397,-34.5105,117.0106
6398,-34.796,116.5997
6401,-31.5451,116.8231
6403,-31.6373,116.7976
6405,-31.6254,117.0059
6407,-31.7885,117.3287
6409,-31.8099,117.5363
6410,-31.9586,117.5524
6411,-31.5822,117.8148
6412,-31.5832,117.9536
6413,-31.5342,118.0748
6414,-31.5333,118.1667
6415,-31.4809,118.2745
6418,-31.9276,117.9851
6419,-32.0325,118.0952
6420,-31.805,118.5601
6421,-31.3975,118.4815
6422,-31.3833,118.5667
6423,-30.9683,118.6569
6424,-31.3766,118.8761
6425,-31.3208,119.1267
6426,-31.6333,119.5833
6427,-30.8212,119.5214
6428,-32.1264,118.0241
6429,-30.852,121.117
6430,-30.7461,121.4742
6431,-30.6117,121.6074
6432,-30.782,121.4912
6433,-30.7461,121.4742
6434,-31.0505,123.2116
6436,-29.5567,124.3118
6437,-27.9203,120.6967
6438,-28.8851,121.3307
6440,-28.7706,122.6428
6442,-31.2017,121.6306
6443,-31.75,121.7167
6445,-32.9695,121.2179
6446,-33.2317,121.7222
6447,-33.45,121.7167
6448,-33.6442,121.8157
6450,-33.8394,121.8856
6452,-33.8667,121.9
6460,-31.215,116.7035
6461,-31.1937,117.0396
6462,-31.1383,117.1809
6463,-31.1471,117.4098
6465,-30.8486,117.0977
6466,-30.7694,117.1328
6467,-30.5246,117.1769
6468,-30.0614,117.2011
6470,-30.4854,117.2775
6472,-30.4333,117.7417
6473,-30.5744,118.0118
6475,-30.8256,117.4879
6476,-30.8011,117.6788
6477,-30.8161,117.8614
6479,-30.95,118.3333
6480,-31.2833,118.2
6484,-30.9847,119.1143
6485,-31.2037,117.4709
6487,-31.1703,117.6607
6488,-31.1169,117.7935
6489,-31.043,117.8218
6490,-31.2312,118.1443
6501,-31.5821,115.9716
6502,-31.3866,116.0966
6503,-31.2044,115.7501
6504,-31.3303,116.0212
6505,-31.1597,116.056
6506,-31.0403,116.0425
6507,-30.6762,115.7029
6509,-30.9706,116.2125
6510,-30.9378,116.0495
6511,-30.4961,115.0672
6512,-30.4633,116.0393
6513,-30.3585,116.02
6514,-30.0677,114.968
6515,-30.0217,115.7621
6516,-30.3059,115.0383
6517,-29.7737,115.9273
6518,-29.8242,115.2604
6519,-29.5336,115.7605
6521,-30.3427,115.662
6522,-29.3121,115.5686
6525,-29.2204,115.0801
6528,-28.9269,114.8997
6530,-28.81,114.6224
6531,-28.779,114.6146
6532,-32.4972,115.7533
6535,-28.15,114.6333
6536,-27.6034,114.5223
6537,-25.9287,113.5355
6556,-31.85,116.3167
6558,-31.8038,116.3131
6560,-31.7616,116.3799
6562,-31.835,116.4467
6564,-31.7333,116.5333
6566,-30.9925,116.4053
6567,-31.4779,116.2483
6568,-31.3333,116.5167
6569,-31.0885,116.4488
6571,-30.675,116.3667
6572,-30.841,116.3884
6574,-30.7214,116.389
6575,-30.4897,116.3624
6603,-31.0833,116.7833
6605,-30.7109,116.7732
6606,-30.5917,116.7691
6608,-30.3919,116.6688
6609,-30.2805,116.6601
6612,-30.1065,116.6332
6613,-29.987,116.5713
6614,-29.8849,116.5044
6616,-29.7587,116.4457
6620,-29.2833,116.8833
6623,-29.094,115.982
6625,-29.1963,116.1275
6627,-28.9002,115.8621
6628,-28.7937,115.7478
6630,-27.2164,115.966
6631,-28.4804,115.793
6632,-28.6178,115.3625
6635,-28.3436,116.6825
6638,-28.0648,117.849
6639,-27.9868,119.2973
6640,-27.424,117.8974
6642,-25.6375,118.7244
6646,-26.5921,120.224
6701,-24.161,114.4806
6705,-25.0499,115.2091
6707,-21.9306,114.1209
6710,-21.6376,115.1122
6711,-20.9833,116.6917
6712,-20.9833,116.6917
6713,-20.6627,116.7126
6714,-20.7395,116.8774
6716,-21.6392,116.3222
6718,-20.7723,117.1465
6720,-20.6747,117.1378
6721,-20.929,118.6739
6722,-20.3675,118.5586
6723,-20.35,119.5333
6725,-18.1713,122.5012
6726,-17.961,122.2127
6728,-18.209,123.9018
6731,-20.5828,119.1891
6733,-21.0454,118.4324
6740,-15.9162,126.8148
6743,-16.1088,128.7443
6751,-32.8696,118.4233
6753,-23.3564,119.7355
6754,-23.2042,117.6697
6758,-21.8897,120.1114
6760,-21.1707,119.7444
6761,-21.1707,119.7444
6762,-21.2117,123.2617
6765,-21.1707,119.7444
6770,-18.8386,128.1783
6798,-10.4854,105.6365
6799,-12.1352,96.8628
6800,-31.9522,115.8614
6803,-31.9478,115.8588
6809,-31.9522,115.8614
6817,-31.9522,115.8614
6820,-31.9522,115.8614
6827,-31.9522,115.8614
6830,-31.9522,115.8614
6831,-31.9333,115.8333
6832,-31.9522,115.8614
6837,-31.9522,115.8614
6838,-31.9522,115.8614
6839,-31.9522,115.8614
6840,-31.9522,115.8614
6841,-31.9522,115.8614
6842,-31.9522,115.8614
6843,-31.9522,115.8614
6844,-31.9522,115.8614
6845,-31.9522,115.8614
6846,-31.9522,115.8614
6847,-31.9522,115.8614
6848,-31.9522,115.8614
6849,-31.9333,115.8333
6850,-31.952,115.8607
6865,-31.9478,115.8588
6872,-31.949,115.842
6892,-31.9587,115.8711
6900,-31.9363,115.8419
6901,-31.9414,115.8312
6902,-31.9363,115.8419
6903,-31.9363,115.8419
6904,-31.9485,115.8268
6905,-31.9722,115.8
6906,-31.9272,115.8528
6907,-31.9818,115.8073
6909,-31.9818,115.8073
6910,-31.9796,115.7823
6911,-32.0,115.7667
6912,-32.0054,115.7638
6913,-31.9333,115.8
6914,-31.875,115.8284
6915,-31.92,115.8351
6916,-31.9802,115.7757
6917,-31.9007,115.8108
6918,-31.8927,115.7951
6919,-31.9802,115.7757
6920,-31.863,115.7562
6921,-31.8723,115.7768
6922,-31.8958,115.7643
6923,-31.807,115.7405
6924,-31.8272,115.8025
6925,-31.9167,115.8556
6926,-31.9868,116.0704
6929,-31.9344,115.8716
6931,-31.931,115.8949
6932,-31.9166,115.8798
6933,-31.9169,115.9178
6934,-31.9091,115.9437
6935,-31.9,115.9667
6936,-31.9111,115.9333
6937,-31.8981,115.8349
6938,-31.8981,115.8349
6939,-31.8981,115.8349
6940,-31.8981,115.8349
6941,-31.8596,115.8659
6942,-31.75,115.8
6943,-31.8877,115.9099
6944,-31.8526,115.881
6945,-31.75,115.8
6946,-31.75,115.8
6947,-31.75,115.8
6951,-31.9833,115.8667
6952,-31.9912,115.8634
6953,-32.0167,115.8333
6954,-32.0395,115.8337
6955,-32.0525,115.8878
6956,-32.0404,115.8012
6957,-32.045,115.7859
6958,-32.05,115.7667
6959,-32.05,115.7667
6960,-32.2833,115.7167
6961,-32.2833,115.7167
6963,-32.0845,115.7795
6964,-32.1428,115.85
6965,-32.2833,115.7167
6966,-32.2301,115.7813
6967,-32.2833,115.7167
6968,-32.2768,115.7298
6969,-32.2833,115.7167
6970,-31.9919,115.8645
6979,-31.9762,115.9052
6980,-32.0167,115.95
6981,-31.9889,115.9039
6982,-32.0,115.9167
6983,-32.0048,115.9411
6984,-31.9435,115.9255
6985,-31.9628,115.9443
6986,-32.0048,115.9411
6987,-32.0167,115.95
6988,-32.06,115.955
6989,-32.05,115.9833
6990,-32.081,116.0054
6991,-32.1243,116.0259
6992,-32.1461,116.0093
6997,-32.1167,116.0056
